Gard ID,identifiers,Number of Matches,QID,Match Gard ID
13018,,0,,
5658,OMIM:202010 | ORPHANET:90795 | UMLS:C0268292,2,Q366868 | Q4127183 | ,
13390,,0,,
10525,OMIM:615656 | ORPHANET:261183,1,Q21154057 | ,True
10296,OMIM:612001 | UMLS:C2677613 | ORPHANET:199318,1,Q21154058 | ,True
11975,,0,,
12219,ORPHANET:94065 | OMIM:613406,1,Q21154059 | ,True
10740,OMIM:611913 | ORPHANET:261197,1,Q38404 | ,True
12388,OMIM:614671,1,Q21154076 | ,True
13392,ORPHANET:261243,1,Q55786544 | ,True
10935,ORPHANET:261250,1,Q55786545 | ,True
1469,OMIM:202110 | ORPHANET:90793 | UMLS:C0268285,2,Q366868 | Q4127184 | ,
5659,OMIM:264300 | ORPHANET:752 | UMLS:C0268296,1,Q4552290 | ,True
13297,ORPHANET:261265 | OMIM:614527,1,Q21154064 | ,True
13296,OMIM:614526 | ORPHANET:261272,1,Q21154079 | ,True
10936,OMIM:613355 | ORPHANET:261279,1,Q21154065 | ,True
5660,OMIM:203400 | ORPHANET:99763 | UMLS:C0268293,2,Q55781638 | Q56014440 | ,
10991,ORPHANET:254346,1,Q55786411 | ,True
10831,ORPHANET:262833,1,Q55786662 | ,True
10813,OMIM:612474 | ORPHANET:250989,1,Q209049 | ,True
10943,ORPHANET:238769,1,Q55786309 | ,True
10327,OMIM:222745 | ORPHANET:42641 | UMLS:C1857252,1,Q4596783 | ,True
8635,UMLS:C2930873,0,,
10761,ORPHANET:19,1,Q4596888 | ,True
10716,OMIM:300438 | UMLS:C1845517 | ORPHANET:391417,2,Q50846110 | Q28065614 | ,
8382,UMLS:C2930874,0,,
10322,OMIM:610006 | ORPHANET:79157 | UMLS:C1864912,1,Q4596905 | ,True
12492,ORPHANET:261295,1,Q55786548 | ,True
5757,OMIM:201910,2,Q366868 | Q4127185 | ,
10299,OMIM:611867 | ORPHANET:567,1,Q21124541 | ,True
10557,OMIM:608363 | ORPHANET:1727 | UMLS:C2675369,1,Q4631454 | ,True
10130,OMIM:606232 | ORPHANET:48652 | UMLS:C1853490,1,Q1926345 | ,True
13391,OMIM:612513 | ORPHANET:261349,1,Q21154069 | ,True
10998,ORPHANET:228402,1,Q56013827 | ,True
10202,OMIM:600430 | UMLS:C1838126 | ORPHANET:1001,1,Q574227 | ,True
9151,OMIM:210210 | UMLS:C1859499,1,Q4634172 | ,False
5665,OMIM:210200 | ORPHANET:6 | UMLS:C0268600,1,Q4634172 | ,True
10344,OMIM:610198 | UMLS:C1857776,1,Q27677576 | ,True
9870,OMIM:231530 | ORPHANET:71212 | UMLS:C1291230,2,Q4634219 | Q60195056 | ,
9152,OMIM:201810 | ORPHANET:90791,2,Q4127186 | Q366868 | ,
5662,OMIM:236795 | ORPHANET:939,1,Q4636563 | ,True
10954,ORPHANET:6,1,Q4634172 | ,False
10321,OMIM:250950 | ORPHANET:67046 | UMLS:C0342727,2,Q3598794 | Q27677578 | ,
5667,ORPHANET:2616,1,Q3335660 | ,True
1118,UMLS:C0796279 | ORPHANET:293843,1,Q18966097 | ,True
11974,OMIM:609425 | ORPHANET:65286,1,Q4636618 | ,True
8155,UMLS:C1848680,1,Q55789854 | ,True
8538,UMLS:C0432470 | ORPHANET:98085,0,,
5671,UMLS:C2930875,0,,
399,OMIM:278850 | ORPHANET:393 | UMLS:C0022735,3,Q365589 | Q207133 | Q28401082 | ,
5672,ORPHANET:3375 | UMLS:C0221033,1,Q510912 | ,True
5674,ORPHANET:8,1,Q267602 | ,True
5676,ORPHANET:96263,1,Q8042637 | ,True
5677,,0,,
11985,ORPHANET:99329,1,Q55789409 | ,True
10922,ORPHANET:261534,1,Q55786560 | ,True
5678,ORPHANET:11 | UMLS:C0265497,1,Q4638724 | ,True
5679,ORPHANET:96264,1,Q4638720 | ,True
5680,ORPHANET:753 | OMIM:264600 | UMLS:C0268297,2,Q858426 | Q7255691 | ,
8242,UMLS:C2930876,0,,
5681,OMIM:260005 | ORPHANET:33572 | UMLS:C0268525,1,Q52611903 | ,True
8723,OMIM:153550 | ORPHANET:86841,1,Q245455 | ,True
12166,ORPHANET:228384 | OMIM:613443,2,Q50349624 | Q56013826 | ,
5682,OMIM:261640 | ORPHANET:13 | UMLS:C0878676,1,Q4641554 | ,True
12076,OMIM:609757 | ORPHANET:96121,1,Q55783693 | ,True
13684,ORPHANET:96092,1,Q55788946 | ,True
10304,ORPHANET:251076,1,Q4645274 | ,True
12816,ORPHANET:228399,1,Q55786239 | ,True
370,OMIM:214900 | ORPHANET:1414 | UMLS:C0268314,1,Q300801 | ,True
4775,OMIM:305400 | ORPHANET:915 | UMLS:C0175701,1,Q303123 | ,True
10074,UMLS:C2930877,0,,
9181,OMIM:100070 | ORPHANET:86 | UMLS:C0162871,2,Q2256736 | Q18928494 | ,
1265,OMIM:118350 | UMLS:C2930928,1,Q55780414 | ,True
439,UMLS:C2930929,0,,
9226,OMIM:605552,2,Q27164421 | Q657193 | ,
5706,,0,,
5,OMIM:200100 | ORPHANET:14,1,Q319812 | ,True
3,OMIM:200110 | ORPHANET:920 | UMLS:C1860224,1,Q3508585 | ,True
360,OMIM:302905 | ORPHANET:921 | UMLS:C1844862,1,Q4669630 | ,True
2336,ORPHANET:1658,1,Q22965397 | ,True
8518,OMIM:231970,1,Q4669696 | ,True
9253,UMLS:C0431371,1,Q55789858 | ,True
8707,OMIM:275220 | ORPHANET:93322,1,Q17127709 | ,True
8309,OMIM:188740 | ORPHANET:988 | UMLS:C1861099,2,Q17122962 | Q56014402 | ,
9489,OMIM:113700,2,Q2080253 | Q4813329 | ,
8709,OMIM:168860 | ORPHANET:86789,1,Q55781346 | ,True
361,OMIM:206500 | ORPHANET:945,2,Q529292 | Q48686 | ,
9285,UMLS:C0033129,1,Q922971 | ,True
4,,0,,
8604,UMLS:C0846967,1,Q2822569 | ,True
453,OMIM:200170 | UMLS:C1860215,2,Q415833 | Q55998504 | ,
9823,UMLS:C0344580,0,,
363,OMIM:115500 | ORPHANET:926 | OMIM:614097,2,Q3273331 | Q424724 | ,
8546,OMIM:170980 | UMLS:C1868426,1,Q55781358 | ,True
454,ORPHANET:674 | UMLS:C0266268,1,Q4672542 | ,True
10762,OMIM:211800,1,Q4650574 | ,True
9499,OMIM:604290 | ORPHANET:48818,1,Q337604 | ,True
9154,OMIM:100678 | UMLS:C0342735,0,,
8602,OMIM:600184,0,,
456,OMIM:200450 | ORPHANET:929 | UMLS:C1860212,1,Q18553480 | ,True
8176,OMIM:100700 | UMLS:C1332135,1,Q4673499 | ,True
5709,UMLS:C0271732,0,,
376,OMIM:200500 | ORPHANET:931 | UMLS:C0265559,1,Q4673593 | ,True
2882,ORPHANET:932 | UMLS:C0001079 | OMIM:200600 | OMIM:600972 | OMIM:200610,5,Q17010855 | Q17010866 | Q18018153 | Q2823145 | Q5959327 | ,
459,OMIM:200600 | ORPHANET:93299 | UMLS:C0265273,1,Q18018153 | ,True
460,OMIM:600972 | ORPHANET:93298 | UMLS:C0265274,1,Q17010855 | ,True
8713,OMIM:200610 | ORPHANET:93296 | UMLS:C0220685,3,Q9190289 | Q17010866 | Q5959327 | ,
8173,OMIM:100800 | ORPHANET:15,1,Q340594 | ,True
2988,OMIM:200900 | UMLS:C1860168 | ORPHANET:935,1,Q55781626 | ,False
463,OMIM:200900 | UMLS:C2931087,1,Q55781626 | ,True
9649,OMIM:216900 | UMLS:C1857618,1,Q27677583 | ,True
9650,OMIM:262300 | UMLS:C1849792,1,Q27677584 | ,True
8568,,0,,
468,UMLS:C2931755,0,,
223,ORPHANET:252175,1,Q423965 | ,True
5717,UMLS:C0235585,0,,
9596,,0,,
8605,ORPHANET:91385 | UMLS:C2931758,1,Q4674768 | ,True
12603,ORPHANET:79086,1,Q4674772 | ,True
10350,UMLS:C1096116 | ORPHANET:73274,1,Q1363655 | ,True
6405,UMLS:C0272325,0,,
10898,ORPHANET:98872,1,Q751631 | ,False
5573,ORPHANET:99147,1,Q50349812 | ,True
478,,0,,
9570,UMLS:C0346037 | SNOMED CT:254732008,1,Q4675038 | ,True
12863,ORPHANET:263534 | OMIM:609796,1,Q55783694 | ,True
483,,0,,
511,ORPHANET:956,1,Q55788913 | ,True
5721,OMIM:200990 | ORPHANET:36,1,Q4675304 | ,True
10605,OMIM:607778 | ORPHANET:63446 | UMLS:C1843096,1,Q18553334 | ,True
1167,ORPHANET:2008 | OMIM:600460,1,Q55782856 | ,False
2096,OMIM:200995 | ORPHANET:221054 | UMLS:C1860157,1,Q17122137 | ,False
5722,UMLS:C0001197,1,Q4675757 | ,True
5723,OMIM:201100 | ORPHANET:37,1,Q937818 | ,True
5724,OMIM:101800 | ORPHANET:950 | UMLS:C0220659 | OMIM:614613,1,Q4357287 | , has more than one gard id
491,ORPHANET:2956 | UMLS:C2931761,1,Q55787193 | ,False
10076,OMIM:603740 | UMLS:C1863556,1,Q55783344 | ,True
494,ORPHANET:1786 | OMIM:101805,1,Q21154052 | ,True
499,OMIM:601829 | ORPHANET:1787 | UMLS:C1866168,1,Q21154053 | ,False
495,,0,,
496,OMIM:201170 | ORPHANET:1788 | UMLS:C1860119,1,Q21154051 | ,True
484,OMIM:201180 | ORPHANET:1784 | UMLS:C1860118,1,Q4675773 | ,False
6543,OMIM:201200 | ORPHANET:2500,2,Q6822520 | Q4675775 | ,
125,OMIM:101850 | ORPHANET:38 | UMLS:C0545044,1,Q4675781 | ,False
500,OMIM:102100 | UMLS:C1321495,1,Q7368611 | ,True
501,OMIM:102150 | ORPHANET:965 | UMLS:C0796280,1,Q55780289 | ,True
10194,OMIM:606049 | UMLS:C1853757,1,Q55783439 | ,True
502,,0,,
5725,ORPHANET:963,1,Q189580 | ,True
4500,,0,,
5539,OMIM:603671 | ORPHANET:1827,1,Q21124508 | , has more than one gard id
6,ORPHANET:93437,1,Q18553752 | ,True
505,UMLS:C2930969,0,,
506,OMIM:201250 | ORPHANET:968,1,Q18553754 | ,False
507,OMIM:602875 | ORPHANET:40,1,Q18553753 | ,True
7,OMIM:102370 | ORPHANET:969 | UMLS:C0265287,1,Q4676182 | ,True
508,OMIM:102400 | ORPHANET:955 | UMLS:C2930971 | OMIM:102500,1,Q632228 | ,True
8485,OMIM:605967 | ORPHANET:85203 | UMLS:C1853812,1,Q4676385 | ,True
512,OMIM:102510 | ORPHANET:957 | UMLS:C1863307,1,Q55780292 | ,True
480,OMIM:200980 | ORPHANET:958 | UMLS:C1860166,1,Q55781627 | ,False
514,OMIM:201310 | UMLS:C0796290,1,Q21124511 | ,False
5726,,0,,
5613,OMIM:300387,1,Q18965508 | ,False
12743,,0,,
10824,OMIM:219080 | ORPHANET:189427,1,Q55781784 | ,True
12867,ORPHANET:96253 | OMIM:219090,2,Q18557438 | Q1947304 | ,
9619,UMLS:C0267026,0,,
12673,ORPHANET:254395,1,Q55786414 | ,True
5728,,0,,
12634,OMIM:610251,1,Q28135156 | ,True
518,,0,,
9394,,0,,
8639,ORPHANET:83597 | UMLS:C0014059,1,Q424242 | ,True
9620,ORPHANET:318,1,Q3843804 | , has more than one gard id
9578,UMLS:C1455728 | ORPHANET:243367,1,Q4677929 | ,True
521,OMIM:608068 | ORPHANET:3243,1,Q1514476 | ,False
13142,,0,,
6544,UMLS:C0018133,1,Q1194520 | ,False
8629,OMIM:606752 | UMLS:C0014077,1,Q18966598 | ,True
5732,OMIM:176000 | ORPHANET:79276,1,Q424247 | ,True
12835,ORPHANET:79126,1,Q424258 | ,True
8638,ORPHANET:86851,1,Q56014310 | ,False
522,ORPHANET:513 | OMIM:613065,1,Q180664 | ,False
523,,0,,
524,ORPHANET:518 | UMLS:C0023462,1,Q4677933 | ,True
525,ORPHANET:514,1,Q4677938 | ,True
5730,,0,,
527,ORPHANET:98834,1,Q56014406 | ,True
526,ORPHANET:98833,1,Q55779856 | ,True
12757,ORPHANET:519 | OMIM:601626,1,Q264118 | , has more than one gard id
536,UMLS:C0023479 | ORPHANET:98829,2,Q4677943 | Q56014405 | ,
12759,ORPHANET:402020,1,Q55788081 | ,True
12758,ORPHANET:98277,1,Q56014396 | ,True
529,ORPHANET:517,1,Q4677943 | ,True
13233,SNOMED CT:111897007,0,,
5736,UMLS:C0017575,1,Q539465 | ,True
537,UMLS:C0023467,1,Q264118 | , has more than one gard id
11907,ORPHANET:86843,1,Q4677944 | ,True
2183,UMLS:C0154884,1,Q4677946 | ,True
538,OMIM:612376 | ORPHANET:520 | UMLS:C0023487,1,Q612108 | ,True
5698,,0,,
8640,UMLS:C0730298,1,Q794002 | ,True
377,OMIM:102650 | ORPHANET:973 | UMLS:C0220660,1,Q55780295 | ,True
5739,OMIM:100300 | ORPHANET:974 | UMLS:C0265268,1,Q351708 | ,True
12722,ORPHANET:324588 | OMIM:606703 ,1,Q55783466 | ,False
5740,ORPHANET:85138 | OMIM:240200,1,Q8282 | ,True
545,OMIM:601776 | UMLS:C2931780,1,Q55783225 | ,True
546,OMIM:102600 | ORPHANET:976 | UMLS:C0268120,2,Q4682223 | Q14878325 | ,
5741,UMLS:C0334302,0,,
10564,,0,,
5743,,0,,
5745,,0,,
9636,UMLS:C2103110,1,Q7902645 | ,False
12383,ORPHANET:404553 | OMIM:615688,1,Q56003340 | ,False
5748,OMIM:102700 | ORPHANET:277,1,Q1055374 | ,True
547,OMIM:615511 | UMLS:C0268123 | ORPHANET:45,2,Q56003296 | Q1956662 | ,
13107,UMLS:C3896969,0,,
550,OMIM:103050 | ORPHANET:46,1,Q4682317 | ,True
12550,OMIM:136000  | ORPHANET:289465,1,Q356410 | ,True
5749,OMIM:103100,1,Q357067 | ,True
5750,OMIM:103200 | ORPHANET:36397 | UMLS:C0001529,1,Q1615557 | ,True
8641,,0,,
12931,ORPHANET:404448 | OMIM:615873,1,Q50349632 | ,False
5751,UMLS:C0750887,1,Q18556128 | ,True
5755,UMLS:C0596046,1,Q18556968 | ,True
558,OMIM:202300 | ORPHANET:1501,1,Q918285 | ,True
10614,OMIM:300100 | ORPHANET:139399 | UMLS:C1527231,3,Q55345732 | Q366964 | Q3310134 | ,
562,OMIM:300270 | ORPHANET:977,1,Q19258490 | ,True
10973,ORPHANET:79262,9,Q32140634 | Q4358039 | Q32140605 | Q32140575 | Q32140622 | Q55346074 | Q32140531 | Q32140661 | Q32140515 | ,
108,OMIM:263570 | ORPHANET:206583 | UMLS:C1849722,1,Q30314035 | ,True
9132,,0,,
384,OMIM:103285 | ORPHANET:978 | UMLS:C1863204,1,Q9390205 | ,True
13103,ORPHANET:86875 | ICD 10:C91.5,1,Q379054 | ,True
10215,OMIM:603471 | UMLS:C1863844 | ORPHANET:247585,3,Q2974525 | Q859142 | Q55786326 | ,
11992,ORPHANET:306431,1,Q4685878 | ,True
12824,UMLS:C0546123 | ORPHANET:171442,1,Q18217268 | ,True
436,ORPHANET:829 | UMLS:C0085253,1,Q1187697 | ,True
10909,OMIM:608161 | ORPHANET:99000,3,Q830265 | Q55999761 | Q56014647 | ,
9242,OMIM:604348 | ORPHANET:164736 | UMLS:C1858496,2,Q1125121 | Q27677588 | ,
12407,,0,,
9779,UMLS:C2931717,0,,
5761,OMIM:202400 | ORPHANET:98880,1,Q5160407 | ,False
10007,OMIM:300310 | UMLS:C1845903,2,Q283108 | Q55999505 | ,
10011,OMIM:610483 | UMLS:C1864848,1,Q55783750 | ,False
9640,UMLS:C1832241 | ORPHANET:33110,0,,
133,OMIM:202550 | ORPHANET:99740,1,Q55781631 | ,False
4203,UMLS:C1868659 | ORPHANET:2805 | OMIM:167755,3,Q55950296 | Q18412084 | Q18553528 | ,
10493,UMLS:C1292777,1,Q4692280 | ,True
9211,,0,,
10125,UMLS:C2931718,0,,
8,,0,,
572,,0,,
573,,0,,
5763,,0,,
5764,OMIM:304050 | ORPHANET:50 | UMLS:C0175713,1,Q403463 | ,True
575,OMIM:225750 | ORPHANET:51,1,Q403453 | ,True
10893,OMIM:225750,1,Q403453 | ,False
10894,OMIM:610181,1,Q403453 | ,False
10895,OMIM:610329,1,Q403453 | ,False
10896,OMIM:610333,1,Q403453 | ,False
10151,OMIM:612952 | ORPHANET:51 | UMLS:C2749659,1,Q403453 | ,False
8250,UMLS:C0001849,0,,
5765,,0,,
9512,OMIM:103400 | UMLS:C0001860,1,Q2161046 | ,True
12035,,0,,
577,UMLS:C2930948,0,,
578,OMIM:304200 | UMLS:C0795848,1,Q5196861 | ,False
579,UMLS:C2930949,0,,
5797,,0,,
583,ORPHANET:2865 | UMLS:C2930950,1,Q55786978 | ,False
586,UMLS:C2930951,0,,
587,ORPHANET:2773 | UMLS:C2930952,1,Q55345985 | ,True
10054,OMIM:609465 | UMLS:C1836121,1,Q42430488 | ,True
9212,OMIM:276820 | ORPHANET:2879 | UMLS:C1848651,1,Q55782374 | ,False
584,OMIM:235760 | ORPHANET:2153 | UMLS:C1856110,1,Q55781936 | ,False
804,OMIM:118450 | ORPHANET:52,1,Q1544408 | ,True
10574,OMIM:300600 | UMLS:C0268505,3,Q81867 | Q9190381 | Q18553368 | ,
5026,OMIM:202900 | ORPHANET:3199 | UMLS:C1859965,1,Q7617360 | ,False
5768,UMLS:C0001916,1,Q81867 | ,True
589,OMIM:300700 | UMLS:C1845068 | ORPHANET:998,2,Q4712419 | Q81867 | ,
592,OMIM:300650 | ORPHANET:1000 | UMLS:C1845069,1,Q81867 | ,False
8346,OMIM:203280 | UMLS:C2931403,0,,
596,,0,,
5770,OMIM:103580 | ORPHANET:665,2,Q1477265 | Q4712685 | ,
8360,OMIM:312600 | UMLS:C0795873,1,Q27677814 | ,False
5774,OMIM:203450 | ORPHANET:58,1,Q567820 | ,True
13023,,0,,
9838,OMIM:608540 | ORPHANET:79327,0,,
12396,ORPHANET:280071 | OMIM:613661,0,,
9833,ORPHANET:79324 | OMIM:607143,0,,
12401,ORPHANET:324422 | OMIM:300884,2,Q54553171 | Q61913486 | ,
9836,OMIM:607906 | ORPHANET:79326,0,,
9827,ORPHANET:79321 | OMIM:601110,0,,
9829,ORPHANET:79320 | OMIM:603147,0,,
9834,OMIM:608104 | ORPHANET:79325,0,,
9839,ORPHANET:79328 | OMIM:608776,0,,
12149,,0,,
10577,NCI Thesaurus:CL494765,0,,
5775,OMIM:203500 | ORPHANET:56,1,Q651680 | ,True
124,ORPHANET:1526,0,,
5617,UMLS:C0795889 | OMIM:300523 | ORPHANET:59,1,Q4731121 | ,True
5776,UMLS:C0008728,1,Q32811 | ,False
602,OMIM:103920 | ORPHANET:1164,1,Q1430844 | ,True
5779,UMLS:C0014072,0,,
417,UMLS:C2931405,0,,
606,OMIM:203600 | ORPHANET:2574 | UMLS:C0265328,1,Q6927726 | ,False
4291,OMIM:610422 | UMLS:C1835852,2,Q55781640 | Q55999861 | ,
614,OMIM:104000 | ORPHANET:701,1,Q5075435 | ,False
615,UMLS:C2931408,0,,
607,OMIM:104130 | ORPHANET:1008 | UMLS:C1863090,1,Q55780307 | ,False
605,ORPHANET:1005 | OMIM:203550 | UMLS:C0795895,1,Q4734606 | ,True
612,OMIM:203650 | UMLS:C1859878 | ORPHANET:2850,1,Q55781640 | ,False
5783,OMIM:203700 | ORPHANET:726,2,Q2028015 | Q32136975 | ,
5784,OMIM:613490 | ORPHANET:60 | UMLS:C0221757,1,Q1327712 | ,True
617,OMIM:203740 | ORPHANET:31 | UMLS:C2752074,1,Q55781641 | ,False
6968,OMIM:248500 | ORPHANET:61,1,Q250449 | ,True
621,OMIM:604131 | ORPHANET:846 | UMLS:C0002312,1,Q288714 | ,True
5864,OMIM:301040 | ORPHANET:847 | UMLS:C1845055,1,Q2613277 | ,True
362,,0,,
5785,OMIM:301050 | ORPHANET:63,2,Q1331116 | Q27677597 | ,
9213,UMLS:C2931255,0,,
5787,OMIM:203800 | ORPHANET:64 | UMLS:C0268425,2,Q432814 | Q18553270 | ,
11,OMIM:104290 | ORPHANET:2131,1,Q2632848 | ,True
8357,UMLS:C0311227 | ICD 10:J63.0,0,,
8644,OMIM:265380 | ORPHANET:210122 | UMLS:C2960310 | SNOMED CT:447275002,2,Q7170410 | Q4737942 | ,
207,,0,,
5654,OMIM:606243 | ORPHANET:163699 | UMLS:C0206657,1,Q4063436 | ,True
9465,OMIM:104300 | ORPHANET:98926,3,Q5326566 | Q55345648 | Q60195345 | ,
9467,OMIM:104310 | ORPHANET:98927,1,Q27677598 | ,False
9468,OMIM:607822 | ORPHANET:98928 | UMLS:C1843013,1,Q27677605 | ,False
9469,OMIM:606889 | UMLS:C1847200,1,Q27677602 | ,False
7190,OMIM:604154 | UMLS:C1858751,1,Q55345770 | ,False
637,OMIM:204110 | UMLS:C1859843,1,Q55781644 | ,True
9660,UMLS:C0149793,1,Q2146228 | ,True
8206,OMIM:145701 | ORPHANET:1023 | UMLS:C1840362,2,Q55345960 | Q32146666 | ,
652,,0,,
11855,ORPHANET:314422,1,Q55779974 | ,True
5747,,0,,
5791,ORPHANET:88661 | UMLS:C0002452,1,Q461854 | ,True
8349,OMIM:301100 | UMLS:C0399372,1,Q56013659 | ,False
9860,UMLS:C0403549,1,Q27164432 | ,False
9943,OMIM:301200,1,Q27674802 | ,True
645,OMIM:104530,1,Q27674799 | ,True
646,OMIM:204690 | ORPHANET:1031,1,Q27164432 | ,False
9495,OMIM:204700 | UMLS:C1290537,1,Q27674801 | ,True
9944,OMIM:301201,1,Q27674804 | ,False
647,OMIM:104570 | ORPHANET:1028 | UMLS:C1863006,1,Q55780312 | ,True
763,OMIM:204730 | UMLS:C1859818,1,Q55781645 | ,True
5794,UMLS:C0238621,1,Q4746440 | ,True
9741,OMIM:609924 | ORPHANET:137754 | UMLS:C1835922,1,Q28208917 | ,True
4445,,0,,
8606,OMIM:607196 | ORPHANET:99742 | UMLS:C1846648,1,Q55783488 | ,True
8334,OMIM:605355 | ORPHANET:98902 | UMLS:C1854380,1,Q32144946 | ,False
12761,ORPHANET:86845,1,Q56014308 | ,False
429,OMIM:217100 | ORPHANET:1034,2,Q5164383 | Q473753 | ,
12650,,0,,
654,,0,,
8708,UMLS:C0206247,0,,
10560,UMLS:C0221014,1,Q2844591 | ,True
10563,UMLS:C0268405,0,,
1026,,0,,
9647,OMIM:204870 | ORPHANET:98957 | UMLS:C0339273,1,Q4178686 | ,True
8282,OMIM:105200 | ORPHANET:85450 | UMLS:C0268389,1,Q13581332 | ,True
10562,,0,,
657,OMIM:204850 | UMLS:C1859815,1,Q55781649 | ,True
9907,UMLS:C0406645 | ORPHANET:221,1,Q681160 | ,False
5798,OMIM:205000 | UMLS:C0002735,0,,
5786,OMIM:105400 | ORPHANET:803,2,Q206901 | Q18553713 | ,
10497,UMLS:C2677565,0,,
10496,UMLS:C2675491,0,,
9470,UMLS:C1859807,0,,
10501,UMLS:C1847735,0,,
10502,UMLS:C1865409,0,,
10503,UMLS:C1865864,0,,
9874,OMIM:608030,2,Q18553716 | Q206901 | ,
10500,UMLS:C1842674,0,,
10499,UMLS:C1837728,0,,
10498,UMLS:C2678468,0,,
9239,OMIM:105500 | ORPHANET:90020 | UMLS:C0543859,1,Q3508653 | ,False
10314,OMIM:181405 | UMLS:C0751335,2,Q55950307 | Q55345724 | ,
9300,,0,,
9822,OMIM:105563 | UMLS:C1862936,1,Q55780317 | ,True
5860,UMLS:C0334579 | ORPHANET:251589,1,Q486092 | ,True
10634,UMLS:C0280788,1,Q55786378 | ,True
10639,ORPHANET:251957 | UMLS:C0431112,1,Q19001038 | ,True
3112,OMIM:105590 | UMLS:C0206180,1,Q486090 | ,True
10637,UMLS:C0431108,1,Q55786379 | ,True
9472,UMLS:C0334590 | ORPHANET:251630,1,Q19000887 | ,True
7404,,0,,
13624,ICD 10:C71.9,1,Q4811532 | ,False
9477,UMLS:C1335983,0,,
664,UMLS:C0238461,1,Q19000862 | ,False
9657,OMIM:607095 | ORPHANET:93347 | UMLS:C1846796,1,Q18553372 | ,True
13011,ORPHANET:156152,0,,
9742,ORPHANET:78,1,Q137597 | ,False
1537,OMIM:218000 | ORPHANET:1496 | UMLS:C0795950,1,Q32038763 | ,False
9453,OMIM:170390 | ORPHANET:37553 | UMLS:C1563715,1,Q773118 | ,True
5803,OMIM:300068 | ORPHANET:754,4,Q512313 | Q2037224 | Q17012451 | Q473262 | ,
10596,,0,,
548,OMIM:102800 | ORPHANET:1044 | UMLS:C1863225,1,Q55780298 | ,True
668,ORPHANET:2802 | OMIM:301310 | UMLS:C1845028,1,Q2376219 | ,False
5808,OMIM:206500 | ORPHANET:1048,1,Q529292 | ,True
669,OMIM:301410 | UMLS:C2931178,2,Q55999545 | Q548213 | ,
670,ORPHANET:1054,1,Q4761767 | ,True
10033,OMIM:608542 | ORPHANET:216892 | UMLS:C1837894,1,Q6058359 | ,False
8646,UMLS:C0152244,0,,
671,OMIM:105835 | ORPHANET:63442 | UMLS:C1739384,1,Q55780321 | ,False
5810,OMIM:105830 | ORPHANET:72,1,Q535364 | ,True
5811,UMLS:C0020981,1,Q4763257 | ,False
11973,ORPHANET:86886,1,Q4763257 | ,True
676,OMIM:106070 | ORPHANET:1062 | UMLS:C1275084,1,Q55780322 | ,False
10189,OMIM:106050 | ORPHANET:95429 | UMLS:C1970130,1,Q4763279 | ,False
10188,OMIM:300652 | ORPHANET:95429 | UMLS:C0263637,1,Q4763279 | ,False
8587,OMIM:206570 | UMLS:C1859783,1,Q9190342 | ,True
679,,0,,
8313,,0,,
9974,UMLS:C1332614,1,Q18556357 | ,True
5813,UMLS:C0345907,1,Q18555157 | ,True
5814,,0,,
683,UMLS:C0392662,1,Q2558586 | ,True
5816,OMIM:106210 | ORPHANET:77 | UMLS:C0003076,1,Q548719 | ,True
689,ORPHANET:1067,1,Q55785318 | ,False
685,OMIM:106220 | ORPHANET:1069 | UMLS:C1862868,1,Q55780324 | ,True
690,OMIM:206750 | ORPHANET:1064 | UMLS:C1859782,1,Q4765258 | ,False
693,,0,,
696,OMIM:106250 | UMLS:C1302999,1,Q55780326 | ,False
697,ORPHANET:1074,1,Q55785320 | ,True
842,OMIM:106400 | ORPHANET:2206 | UMLS:C2931581,1,Q742762 | ,False
701,OMIM:157950 | ORPHANET:1077,1,Q18554358 | ,True
13294,,0,,
12676,ORPHANET:254411,1,Q55786415 | ,True
704,,0,,
12674,ORPHANET:254424 | UMLS:C0406363,1,Q4769717 | ,True
705,OMIM:167750 | ORPHANET:675 | UMLS:C0149955,1,Q1601921 | ,True
5818,OMIM:206780 | ORPHANET:99797 | UMLS:C0399352,2,Q771310 | Q1549421 | ,
10146,OMIM:610338 | UMLS:C1835910,1,Q55783741 | ,True
12930,ORPHANET:79143,1,Q22443772 | ,True
708,OMIM:106900 | UMLS:C1862843,1,Q55780331 | ,True
709,OMIM:607214 | UMLS:C1846617,1,Q55783489 | ,True
711,OMIM:106990 | UMLS:C1862842,1,Q55780332 | ,True
4083,OMIM:106995 | ORPHANET:1487 | UMLS:C1862841,1,Q5167190 | ,True
715,,0,,
716,,0,,
717,,0,,
719,OMIM:600776 | ORPHANET:1104 | UMLS:C1833339,1,Q55782871 | ,True
722,OMIM:206920 | ORPHANET:1106 | UMLS:C0599973,1,Q32136526 | ,False
5819,ORPHANET:325124,1,Q567694 | ,True
725,,0,,
4570,OMIM:178200 | ORPHANET:2987 | UMLS:C1867439,1,Q29982055 | ,True
9790,,0,,
728,,0,,
10025,OMIM:107250 | ORPHANET:88632,1,Q3108583 | ,True
9653,UMLS:C2931608,0,,
10941,ORPHANET:280886,1,Q3154357 | ,True
8157,,0,,
730,,0,,
13457,,0,,
731,OMIM:262850 | UMLS:C2752081,1,Q27164414 | ,False
732,,0,,
5824,OMIM:107320 | ORPHANET:80,2,Q5786759 | Q582207 | ,
735,ORPHANET:81 | UMLS:C2609059,1,Q4775326 | ,True
5826,ORPHANET:83 | OMIM:201750 | OMIM:207410,2,Q55998509 | Q585011 | ,
8460,UMLS:C0751730,0,,
738,UMLS:C2931610,1,Q55785913 | ,False
9876,OMIM:132900 | UMLS:C1851504,1,Q3616648 | ,False
739,OMIM:107500 | UMLS:C1862682 | ORPHANET:1110,1,Q55780338 | ,False
740,UMLS:C0152419,1,Q6056643 | ,True
741,ORPHANET:1132,1,Q55785350 | ,False
5828,OMIM:120000,1,Q616066 | ,True
742,,0,,
5830,UMLS:C0003507,1,Q531019 | ,True
744,,0,,
745,,0,,
13737,ORPHANET:280763,5,Q32143133 | Q32143094 | Q32143154 | Q32143147 | Q55345994 | ,
5833,OMIM:101200 | ORPHANET:87,2,Q1786496 | Q618246 | ,
748,OMIM:600384 | UMLS:C1838161,1,Q55782852 | ,True
5834,UMLS:C0038363,1,Q189956 | ,True
5835,OMIM:107600 | ORPHANET:1114,1,Q1424491 | ,True
753,OMIM:207731 | ORPHANET:1116 | UMLS:C1859753,1,Q29982078 | ,True
754,OMIM:600360 | ORPHANET:1115 | UMLS:C1838206,1,Q55782851 | ,True
756,,0,,
5836,OMIM:609135 | ORPHANET:88,1,Q846316 | ,True
758,,0,,
12138,,0,,
759,OMIM:207750,1,Q55998523 | ,False
433,OMIM:218030 | UMLS:C2936861,1,Q2065747 | ,True
5838,,0,,
10278,UMLS:C0406409,0,,
12991,,0,,
10901,,0,,
8379,,0,,
764,ORPHANET:1130,1,Q55785349 | ,False
17,ORPHANET:2356 | OMIM:207790,1,Q624590 | ,True
5839,OMIM:182950 | ORPHANET:137817,2,Q55998482 | Q2669284 | ,
432,ORPHANET:3413,1,Q2859732 | ,True
8509,OMIM:207780 | ORPHANET:1133 | UMLS:C0342280,1,Q4653653 | ,True
9223,UMLS:C2931491,0,,
5840,OMIM:207800 | UMLS:C0268548 | ORPHANET:90,1,Q890367 | ,False
5843,OMIM:207900 | ORPHANET:23 | UMLS:C0268547,1,Q1654860 | ,True
8755,OMIM:603457 | ORPHANET:1135 | UMLS:C1863878,2,Q55783319 | Q56013701 | ,
366,UMLS:C2931492,0,,
365,OMIM:613546 | ORPHANET:91,1,Q4795506 | ,True
12494,ORPHANET:178345 | OMIM:139300,1,Q4795508 | , has more than one gard id
770,ORPHANET:35708 | OMIM:608643,1,Q30989658 | ,True
364,UMLS:C0265740,1,Q3502509 | ,True
5847,OMIM:107970 | UMLS:C0349788 | ORPHANET:247,2,Q2555727 | Q2852241 | ,
771,UMLS:C2931494,0,,
8380,OMIM:208000 | ORPHANET:51608 | UMLS:C1859727,1,Q9366868 | ,True
774,OMIM:208050 | ORPHANET:3342,1,Q4216194 | ,True
2084,ORPHANET:1899 | OMIM:130060 | UMLS:C0268345,1,Q55780542 | ,True
1553,OMIM:601701 | ORPHANET:3354 | UMLS:C1866427,1,Q448838 | ,False
779,,0,,
781,UMLS:C2931495,0,,
782,,0,,
783,UMLS:C1859709 | OMIM:259450,1,Q3508623 | ,False
777,ORPHANET:1037,1,Q55785297 | ,False
785,,0,,
790,OMIM:208100 | UMLS:C1859721,1,Q708165 | ,False
791,UMLS:C2931265,0,,
792,OMIM:208155 | ORPHANET:1150 | UMLS:C1859711,1,Q55781669 | ,False
8521,OMIM:301830 | ORPHANET:1145 | UMLS:C1844934,2,Q8041562 | Q55345741 | ,
9946,OMIM:610001 | UMLS:C1864939,1,Q55783716 | ,True
794,ORPHANET:2697 | UMLS:C1859722,1,Q4797658 | ,False
795,,0,,
1515,OMIM:301815 | ORPHANET:1484 | UMLS:C1844935,1,Q55782532 | ,False
784,OMIM:108200 | ORPHANET:1144 | UMLS:C1862471,1,Q18553375 | ,False
8756,OMIM:301835 | UMLS:C0796028 | ORPHANET:1187,1,Q11852863 | ,True
5614,OMIM:300419,1,Q55999515 | ,False
5852,,0,,
201,UMLS:C0339085 | OMIM:109900 | ORPHANET:1253,1,Q4803881 | ,True
5853,,0,,
5854,OMIM:208400 | ORPHANET:93,1,Q4412533 | ,True
5856,ORPHANET:1163 | UMLS:C0004030,1,Q259626 | ,True
9716,,0,,
5857,,0,,
581,UMLS:C2930890,0,,
9221,UMLS:C1364751,0,,
9222,,0,,
9220,UMLS:C1300228,0,,
10635,UMLS:C0334587,1,Q4811532 | ,True
944,OMIM:215470 | ORPHANET:1180 | UMLS:C1859093,1,Q55781749 | ,False
5862,OMIM:208900 | ORPHANET:100,1,Q387082 | ,True
9283,OMIM:208920 | ORPHANET:1168 | UMLS:C1859598,2,Q55345773 | Q18553452 | ,
12860,OMIM:606002 | ORPHANET:64753,2,Q55345782 | Q18553453 | ,
13112,OMIM:615217,2,Q26492776 | Q18553453 | ,
13111,OMIM:616267 | ORPHANET:459033,2,Q50364510 | Q55345892 | ,
8595,OMIM:277460 | ORPHANET:96 | UMLS:C1848533,1,Q2868792 | ,False
9287,OMIM:108720 | ORPHANET:1190 | UMLS:C0265283,2,Q49970049 | Q18553377 | ,
8329,OMIM:256050 | ORPHANET:56304,2,Q18553377 | Q2870197 | ,
10608,OMIM:108721 | ORPHANET:56305,1,Q18553377 | ,False
8333,OMIM:601536 | ORPHANET:69739,1,Q18553396 | ,False
5863,UMLS:C0004158,1,Q755524 | ,True
3537,OMIM:300431 | ORPHANET:1193,1,Q49988980 | ,True
9219,,0,,
9595,OMIM:209300 | ORPHANET:1195,1,Q1437472 | ,True
140,UMLS:C0266172,1,Q55998645 | ,False
139,OMIM:255960 | ORPHANET:615,2,Q4817544 | Q589612 | ,
10697,UMLS:C2063331,0,,
10695,OMIM:108800 | ORPHANET:99106 | UMLS:C0741296,3,Q27674816 | Q55789370 | Q757749 | ,
10696,UMLS:C0344730 | ORPHANET:99105,1,Q7525206 | ,True
802,UMLS:C0344783,0,,
12675,ORPHANET:254449 | UMLS:C0023647 | ICD 10:L43.8,3,Q4817690 | Q4769717 | Q6553464 | ,
5866,UMLS:C0263411,0,,
9744,OMIM:209700 | UMLS:C0263429,1,Q16835166 | ,False
8532,OMIM:175100 | ORPHANET:220460 | UMLS:C2674616,3,Q1702335 | Q4818237 | Q61913421 | ,
12503,ORPHANET:309252 | OMIM:610539,1,Q32145296 | ,False
8702,OMIM:235400 | ORPHANET:2134 | UMLS:C2931788,9,Q56002380 | Q55998616 | Q17165460 | Q56002384 | Q56002382 | Q162266 | Q56003147 | Q56002389 | Q56002387 | ,
9185,OMIM:209950 | UMLS:C0694566,1,Q55781684 | ,False
4694,ORPHANET:3095 | UMLS:C2748910,1,Q56014032 | ,True
11910,ORPHANET:79474,1,Q55788611 | ,True
9274,OMIM:609129 | UMLS:C1852271,1,Q28024508 | ,False
9218,OMIM:109050 | ORPHANET:1219,1,Q55950182 | ,False
9798,OMIM:602483 | ORPHANET:137888 | UMLS:C1865295,1,Q29014971 | ,True
8663,OMIM:109000 | ORPHANET:114 | UMLS:C1862381,1,Q55780358 | ,True
435,ORPHANET:1995 | UMLS:C2931789,1,Q55785899 | ,False
10303,ORPHANET:137911,1,Q55785384 | ,True
11917,,0,,
11979,,0,,
8689,UMLS:C0341305,1,Q17130915 | ,True
12063,,0,,
5870,OMIM:205700 | ORPHANET:98375,1,Q28814 | ,True
5871,OMIM:109100 | UMLS:C0241910,3,Q192360 | Q786844 | Q8084905 | ,
8582,,0,,
8686,OMIM:601859 | ORPHANET:3261,2,Q19000826 | Q1151300 | ,
12316,ORPHANET:436159 | OMIM:616100,1,Q55784850 | ,True
9519,UMLS:C1608389,0,,
9461,UMLS:C0878654,0,,
10911,ORPHANET:103919,1,Q2267451 | ,True
8466,OMIM:240300 | ORPHANET:3453 | UMLS:C0085859,1,Q4347774 | ,False
7611,OMIM:269200 | ORPHANET:3143 | UMLS:C0085860,2,Q675311 | Q4117241 | ,
10980,ORPHANET:227982,1,Q19595987 | ,False
9139,UMLS:C1260879,0,,
7499,OMIM:610910 | ORPHANET:747,1,Q55783778 | ,True
12034,,0,,
624,OMIM:104200 | UMLS:C2931253 | ORPHANET:63,2,Q27677594 | Q1331116 | ,
3967,OMIM:114030 | ORPHANET:2678,1,Q55780397 | ,True
12719,OMIM:160150 | ORPHANET:169189,1,Q782958 | ,False
4346,,0,,
12372,OMIM:604121 | ORPHANET:314404,1,Q21097765 | ,True
12447,OMIM:610100 | ORPHANET:401964,1,Q30989381 | ,False
10036,OMIM:100820 | UMLS:C1863416,1,Q671758 | ,True
4732,OMIM:124480 | UMLS:C2931049 | ORPHANET:79499,1,Q55780470 | ,True
6800,OMIM:147060 | ORPHANET:2314,1,Q2336873 | ,False
13136,OMIM:616083,1,Q50349634 | ,False
13539,,0,,
13584,OMIM:617752,1,Q53660486 | ,False
12436,ORPHANET:90114,1,Q3281252 | ,False
12437,ORPHANET:100043 | OMIM:606483,1,Q27677665 | ,False
12438,OMIM:606482 | ORPHANET:100044,1,Q27677659 | ,False
12439,ORPHANET:100045 | OMIM:608323,1,Q27677662 | ,False
9207,ORPHANET:100046 | OMIM:607791 | UMLS:C2930893,1,Q27677663 | ,False
12011,ORPHANET:93114 | OMIM:614455,1,Q27677669 | ,False
9206,UMLS:C2930892 | ORPHANET:352670 | OMIM:615185,1,Q27677670 | ,False
10587,ORPHANET:99027 | OMIM:169500 | UMLS:C1868512,1,Q28065590 | ,False
13058,OMIM:178110 | ORPHANET:65743,2,Q18553375 | Q16889762 | ,
1222,ORPHANET:228343 | OMIM:162350 | UMLS:C1834207,1,Q32140515 | ,False
11918,OMIM:600513 | ORPHANET:98784,3,Q55762556 | Q28024501 | Q3589157 | ,
12107,ORPHANET:178469,1,Q19587382 | ,True
10203,ORPHANET:67036 | OMIM:165300 | UMLS:C1833809,2,Q55345670 | Q18556970 | ,
5243,UMLS:C2931235 | OMIM:125250 | ORPHANET:1215,2,Q55345656 | Q55345901 | ,
604,OMIM:104100 | UMLS:C1863093 | ORPHANET:1010,1,Q55780305 | ,True
2257,OMIM:600512 | ORPHANET:101046,3,Q3589154 | Q28065551 | Q28065557 | ,
9145,OMIM:177735 | ORPHANET:171871 | UMLS:C1449842,1,Q32136465 | ,True
13519,OMIM:158600 | ORPHANET:209341,2,Q7577467 | Q55345667 | ,
13222,OMIM:615290,1,Q55345873 | ,False
10624,OMIM:184100 | ORPHANET:93284 | UMLS:C1866717,1,Q22965584 | ,True
10801,ORPHANET:34149,1,Q1916694 | ,True
7002,OMIM:174000 | UMLS:C1868139 | ORPHANET:88949,2,Q55788691 | Q1916694 | ,
13461,OMIM:613092,2,Q18553626 | Q56002461 | ,
10679,OMIM:162000 | UMLS:C1859040 | ORPHANET:88950,2,Q18553626 | Q55788692 | ,
5507,OMIM:193220 | ORPHANET:3086 | UMLS:C1860406,1,Q55345683 | ,False
625,OMIM:203780 | ORPHANET:88919,1,Q27677596 | ,True
12353,ORPHANET:324442 | OMIM:137200,1,Q18932745 | ,False
10301,ORPHANET:139455 | OMIM:611809,1,Q18553385 | ,False
12718,OMIM:255200  | ORPHANET:169186,1,Q56013752 | ,False
12448,ORPHANET:101097 | OMIM:607706,3,Q55783594 | Q27164475 | Q55999750 | ,
13016,ORPHANET:238569,1,Q56013846 | ,False
2816,OMIM:243700 | ORPHANET:169446 | UMLS:C1968689,4,Q18018535 | Q2336873 | Q24975507 | Q55999878 | ,
13361,OMIM:617270,1,Q55785167 | ,False
12452,ORPHANET:268337,1,Q16662548 | ,True
12453,ORPHANET:217055 | OMIM:608340,1,Q27677664 | ,False
12454,ORPHANET:254334,1,Q27677667 | ,False
9642,OMIM:600116,1,Q21154041 | ,False
6845,OMIM:204300 | ORPHANET:228340,2,Q32140634 | Q9177591 | ,
9492,OMIM:609376 | UMLS:C2931470,1,Q27674902 | ,True
10971,OMIM:258650,1,Q55782171 | ,False
1139,OMIM:212360 | ORPHANET:1366 | UMLS:C1859316,1,Q55781720 | ,True
8378,OMIM:263200 | ORPHANET:731 | UMLS:C0085548,3,Q53660456 | Q3395618 | Q1044327 | ,
12117,ORPHANET:2512,1,Q60195166 | ,True
13041,OMIM:612304 | ORPHANET:745,1,Q55783890 | ,False
4552,OMIM:264350 | ORPHANET:171876 | UMLS:C1449843,2,Q32136465 | Q32136454 | ,
10992,ORPHANET:254343 | OMIM:613672,1,Q21097759 | ,False
13568,OMIM:615031 | ORPHANET:320385,1,Q32143120 | ,False
10294,ORPHANET:139485,1,Q55345821 | ,False
5701,OMIM:180500 | ORPHANET:782 | UMLS:C0265341 | OMIM:602482 | OMIM:601499,4,Q474994 | Q27677639 | Q27164456 | Q27677638 | ,
213,UMLS:C2931613,1,Q55785831 | ,True
8431,OMIM:109130 | UMLS:C1862372,1,Q4830452 | ,True
8720,OMIM:602271 | ORPHANET:168549 | UMLS:C1865695,1,Q55783257 | ,True
369,OMIM:303110 | ORPHANET:1435 | UMLS:C1844836,1,Q4831022 | ,True
8223,,0,,
5877,UMLS:C0079731,1,Q4833719 | ,True
9841,OMIM:607091 | ORPHANET:79332,1,Q60195110 | ,True
5878,ORPHANET:108,1,Q797668 | ,True
9289,OMIM:605838 | UMLS:C2931614,1,Q55783426 | ,True
5881,UMLS:C0085437,1,Q3678510 | ,True
9216,UMLS:C2931615,0,,
398,UMLS:C2931616,0,,
13442,OMIM:300986,1,Q55782521 | ,False
13259,OMIM:615485 | ORPHANET:322577,1,Q55784732 | ,False
808,UMLS:C2931659,0,,
809,ORPHANET:1223,1,Q3508616 | ,False
8576,OMIM:124100,1,Q805030 | ,False
1602,OMIM:218600 | ORPHANET:1225 | UMLS:C0265308,1,Q3508616 | ,True
414,OMIM:241850 | ORPHANET:1226 | UMLS:C1855794,1,Q4853488 | ,False
812,OMIM:210740 | ORPHANET:1227 | UMLS:C0342284,1,Q4855629 | ,True
813,OMIM:109300 | ORPHANET:1228 | UMLS:C1862319,1,Q55780362 | ,True
5887,OMIM:153480 | ORPHANET:109 | UMLS:C0265326,1,Q474254 | ,True
5888,UMLS:C0154307,0,,
8495,OMIM:601195 | ORPHANET:139507,1,Q4690019 | ,False
13219,ORPHANET:289539 | OMIM:614327,1,Q55784304 | ,False
815,OMIM:251290 | UMLS:C2931662,1,Q9390596 | ,False
817,OMIM:218650 | UMLS:C2931663,1,Q55781780 | ,False
5279,OMIM:243310 | UMLS:C1855722,1,Q18966102 | ,True
2911,OMIM:146255 | ORPHANET:2237 | UMLS:C1840333,1,Q2027515 | ,False
819,OMIM:209885 | ORPHANET:1231 | UMLS:C1319466,1,Q18616565 | ,True
6866,OMIM:209900 | ORPHANET:110,2,Q27674827 | Q1678281 | ,
820,OMIM:209900 | UMLS:C2936862 | ORPHANET:110,2,Q27674827 | Q1678281 | ,
10209,OMIM:209900 | UMLS:C1859568 | ORPHANET:110,2,Q27674827 | Q1678281 | ,
10210,ORPHANET:110 | OMIM:209900 | UMLS:C1859569,2,Q27674827 | Q1678281 | ,
10211,OMIM:209900 | UMLS:C1859570 | ORPHANET:110,2,Q27674827 | Q1678281 | ,
821,UMLS:C2936863,0,,
822,OMIM:209900 | UMLS:C1859564,2,Q27674827 | Q1678281 | ,
823,OMIM:209900 | UMLS:C2936864,2,Q27674827 | Q1678281 | ,
10204,OMIM:615983,1,Q27674831 | ,True
10205,OMIM:209900 | UMLS:C1858054,2,Q27674827 | Q1678281 | ,
10206,OMIM:209900 | UMLS:C1859565,2,Q27674827 | Q1678281 | ,
10207,OMIM:209900 | UMLS:C1859566,2,Q27674827 | Q1678281 | ,
10208,OMIM:209900 | UMLS:C1859567,2,Q27674827 | Q1678281 | ,
8427,OMIM:604571,2,Q18553590 | Q3508735 | ,
824,OMIM:209920 | ORPHANET:572 | UMLS:C2931418,2,Q3508735 | Q18557017 | ,
8371,UMLS:C0340177,1,Q2906693 | ,True
825,ORPHANET:2936,0,,
10664,,0,,
10509,OMIM:608709 | ORPHANET:79087,1,Q4863247 | ,True
5890,OMIM:302060 | ORPHANET:111 | UMLS:C0574083,1,Q928424 | ,True
5893,ORPHANET:112 | UMLS:C0004775 | OMIM:601678 | OMIM:241200 | OMIM:607364 | OMIM:602522 | OMIM:613090,6,Q27674850 | Q27674848 | Q27674852 | Q27674849 | Q790971 | Q27674847 | ,
830,OMIM:601678 | UMLS:C1866495,2,Q790971 | Q27674847 | ,
9658,OMIM:241200 | UMLS:C1855849,1,Q27674848 | ,False
9659,OMIM:607364 | ORPHANET:93605 | UMLS:C1846343,1,Q27674849 | ,True
10508,OMIM:602522 | ORPHANET:89938 | UMLS:C1865270,2,Q27674850 | Q56014318 | ,
9788,OMIM:604451 | UMLS:C1304297,1,Q18556260 | ,True
9303,OMIM:605462 | UMLS:C1854245,1,Q809758 | ,False
831,UMLS:C2931405,0,,
2354,UMLS:C0474964,0,,
833,UMLS:C2931577,0,,
8177,,0,,
835,UMLS:C2931578,1,Q55782123 | ,False
836,OMIM:601352 | ORPHANET:1948 | UMLS:C2931579,1,Q55783093 | ,False
12654,,0,,
838,ORPHANET:113 | OMIM:301845 | UMLS:C0346104,1,Q4875174 | ,True
841,UMLS:C0796008,0,,
332,ORPHANET:1555 | OMIM:123790 | UMLS:C1852406,1,Q4876717 | ,True
5900,ORPHANET:98895 | OMIM:300376 | UMLS:C0917713,1,Q2484592 | ,True
3856,OMIM:604919 | ORPHANET:64755 | UMLS:C1858042,1,Q813705 | ,True
5901,,0,,
3343,OMIM:130650 | ORPHANET:116 | UMLS:C0004903,1,Q521863 | ,True
9624,UMLS:C0334464,0,,
846,OMIM:209970 | ORPHANET:1237 | UMLS:C1859526,1,Q55781685 | ,True
848,OMIM:109650 | ORPHANET:117,1,Q911427 | ,True
849,OMIM:210000 | ORPHANET:1239 | UMLS:C0221061,1,Q814547 | ,True
5905,,0,,
5906,ORPHANET:2810,0,,
852,UMLS:C2930897,0,,
853,ORPHANET:100978,1,Q55785241 | ,True
8704,,0,,
855,,0,,
8649,,0,,
5909,OMIM:606798 | ORPHANET:93955,1,Q883863 | ,True
857,,0,,
2159,ORPHANET:1949 | ICD 10:G40.3,11,Q2356131 | Q4887956 | Q15975183 | Q4887955 | Q2895294 | Q3726905 | Q3625581 | Q19000992 | Q163905 | Q2346980 | Q1406803 | ,
1518,OMIM:607745 | ORPHANET:140927,1,Q4887955 | , has more than one gard id
1305,UMLS:C1859098 | OMIM:118700 | ORPHANET:1429,3,Q1076421 | Q55346113 | Q24977061 | ,
10776,,0,,
10777,,0,,
5915,OMIM:193007 | UMLS:C0155502,1,Q817310 | ,False
12185,ORPHANET:65682,2,Q3682587 | Q2449937 | ,
10028,OMIM:243300 | UMLS:C1855731,3,Q60195078 | Q3682587 | Q2449937 | ,
10029,OMIM:605479 | UMLS:C2608083,3,Q60195079 | Q3682587 | Q2449937 | ,
10287,OMIM:117100,1,Q488214 | ,False
10965,OMIM:614592,1,Q61335 | ,False
13339,,0,,
9948,,0,,
5109,UMLS:C2930899 | ORPHANET:1559,1,Q4892313 | ,True
8552,OMIM:210050 | UMLS:C1859519,1,Q55781687 | ,True
867,ORPHANET:133,1,Q684810 | ,False
182,OMIM:153700 | ORPHANET:1243,2,Q55950252 | Q830265 | ,
872,OMIM:203750 | ORPHANET:134,1,Q4897218 | ,True
5918,UMLS:C0085131,1,Q5513690 | ,False
12570,ORPHANET:329284 | OMIM:300894,1,Q32140749 | ,False
870,OMIM:600900 | UMLS:C2930900,0,,
871,ORPHANET:848 | OMIM:613985,2,Q56002774 | Q3616632 | ,
873,OMIM:158810 | ORPHANET:610 | UMLS:C1834674,1,Q831363 | ,True
2690,OMIM:142669 | ORPHANET:2114 | UMLS:C1840572,1,Q3042140 | ,False
878,UMLS:C2930902,0,,
971,OMIM:113400 | ORPHANET:1246,1,Q16944551 | , has more than one gard id
882,OMIM:210350 | UMLS:C0796190,1,Q51826234 | ,True
881,,0,,
13027,,0,,
10050,OMIM:210370 | ORPHANET:41751 | UMLS:C1859486,1,Q4904691 | ,True
884,OMIM:210400 | ORPHANET:2695 | UMLS:C0221363 | OMIM:109740 | OMIM:608980,4,Q55998535 | Q55950185 | Q42848169 | Q55783626 | ,
10595,OMIM:608980 | ORPHANET:217266 | UMLS:C2750433,1,Q55783626 | ,False
10783,ORPHANET:208444,1,Q30988929 | ,True
10784,ORPHANET:101070 | OMIM:606854,1,Q4907578 | ,True
10786,ORPHANET:208447,1,Q56003098 | ,True
10785,ORPHANET:208441,1,Q55999951 | ,True
6011,OMIM:300388 | ORPHANET:98889 | UMLS:C1845668,2,Q25324253 | Q55999513 | ,
885,,0,,
10046,OMIM:214950 | UMLS:C1858328,1,Q42863600 | ,False
9304,ORPHANET:70567,0,,
9229,OMIM:603003,1,Q2027937 | ,False
12010,ORPHANET:30391,1,Q659033 | ,True
887,,0,,
888,,0,,
8383,,0,,
5924,UMLS:C0750952,2,Q18558210 | Q18556397 | ,
892,,0,,
5925,,0,,
10237,OMIM:607483 | ORPHANET:65284 | UMLS:C1843807,1,Q864845 | ,False
894,OMIM:253260 | ORPHANET:79241,1,Q776026 | ,True
5926,OMIM:605808 | ORPHANET:179 | UMLS:C1853959,1,Q4916140 | ,True
10358,OMIM:612292 | UMLS:C2676770 | ORPHANET:166108,1,Q18553391 | ,True
2322,OMIM:135150 | ORPHANET:122,1,Q2532540 | ,True
897,OMIM:239800 | ORPHANET:2213 | UMLS:C0220742,1,Q18554800 | ,False
10347,,0,,
22,OMIM:262000 | ORPHANET:123 | UMLS:C0266006,1,Q4919794 | ,True
10470,UMLS:C1697878,1,Q55009181 | ,False
9305,,0,,
10556,UMLS:C1301363 | ORPHANET:86870,1,Q16240919 | ,True
5931,,0,,
304,OMIM:186580 | ORPHANET:90340 | UMLS:C1861303,1,Q441077 | ,True
12478,ORPHANET:36355 | OMIM:609821,1,Q28024510 | ,False
902,,0,,
4238,OMIM:110050 | UMLS:C0796197 | ORPHANET:1252,1,Q7141967 | ,True
5932,UMLS:C0005744,1,Q883850 | ,True
10892,ORPHANET:293642 | OMIM:249620 | OMIM:603736,3,Q8058422 | Q3961681 | Q55787025 | ,
905,OMIM:210745 | UMLS:C1859432 | ORPHANET:2057,1,Q55781693 | ,False
23,OMIM:110100 | ORPHANET:126 | UMLS:C2931135,1,Q18554819 | ,False
10213,OMIM:110100 | UMLS:C2931136 | ORPHANET:126,1,Q18554819 | ,False
912,OMIM:110150 | ORPHANET:1259 | UMLS:C1862259,1,Q55780371 | ,False
915,OMIM:210900 | ORPHANET:125,1,Q1469646 | ,True
916,OMIM:188700 | ORPHANET:2768,1,Q624398 | ,True
917,OMIM:303700 | ORPHANET:16 | UMLS:C0339537,1,Q18553394 | ,True
5939,OMIM:211000 | ORPHANET:94086 | UMLS:C0268478,1,Q503458 | ,True
5940,OMIM:112200 | ORPHANET:1059 | UMLS:C0346072,1,Q885574 | ,True
9731,UMLS:C2931137,0,,
918,OMIM:113477 | ORPHANET:1292 | UMLS:C1862082,1,Q22965406 | ,False
9261,UMLS:C0238115,1,Q535425 | ,True
10140,OMIM:605039 | ORPHANET:97297 | UMLS:C0796232,1,Q4938225 | ,True
920,ORPHANET:1844,1,Q55785868 | ,True
921,,0,,
922,OMIM:211120 | ORPHANET:1842 | UMLS:C1859407,1,Q55781694 | ,True
923,,0,,
932,OMIM:112300 | ORPHANET:1262 | UMLS:C0457014,1,Q1020201 | ,False
933,OMIM:112310 | ORPHANET:1263 | UMLS:C0432201,1,Q4943512 | ,True
10002,OMIM:600257 | UMLS:C1838346,1,Q9390574 | ,True
936,OMIM:301900 | ORPHANET:127 | UMLS:C0265339,1,Q1019940 | ,True
938,OMIM:191482 | ORPHANET:1264 | UMLS:C1860605,1,Q55781590 | ,False
939,OMIM:211170 | UMLS:C1859406,1,Q5492304 | ,False
942,ORPHANET:128 | UMLS:C0277032,1,Q1227160 | ,True
943,UMLS:C0006057,1,Q154865 | ,True
945,UMLS:C2931668,0,,
946,UMLS:C0041341,1,Q1362721 | ,False
10952,,0,,
5948,UMLS:C0006079,1,Q979564 | ,False
5950,OMIM:211180 | ORPHANET:1270 | UMLS:C1859405,1,Q18553398 | ,True
5951,UMLS:C0334106,0,,
5232,OMIM:112350 | ORPHANET:3344 | UMLS:C1862172,1,Q25339233 | ,False
953,UMLS:C1096546,1,Q55781696 | ,True
954,UMLS:C2931419,0,,
641,UMLS:C1832434 | OMIM:601357,1,Q17133302 | ,True
388,OMIM:601357 | UMLS:C1832434,1,Q17133302 | ,False
955,OMIM:211380 | UMLS:C1859384 | ORPHANET:1299,1,Q55781699 | ,False
957,OMIM:145420 | ORPHANET:1519 | UMLS:C1840378,1,Q29982068 | ,False
960,ORPHANET:2619 | UMLS:C2931420,1,Q55783996 | ,False
961,,0,,
962,,0,,
966,OMIM:186550 | ORPHANET:1275,1,Q6543864 | ,True
968,OMIM:112430 | ORPHANET:2946 | UMLS:C1862169,1,Q55780379 | ,True
4886,OMIM:301940 | ORPHANET:2565,1,Q32145477 | ,True
972,OMIM:112450 | UMLS:C1862162,1,Q32145314 | ,False
974,,0,,
977,ORPHANET:1280,0,,
978,OMIM:112500 | ORPHANET:93388 | UMLS:C1862151,1,Q32145348 | ,True
979,OMIM:112600 | ORPHANET:93396 | UMLS:C1832702,1,Q32145361 | , has more than one gard id
963,OMIM:112700 | UMLS:C1862140,1,Q32145376 | ,True
990,OMIM:112800 | ORPHANET:93394 | UMLS:C1862139,1,Q32145390 | ,True
982,OMIM:112900 | ORPHANET:93389 | UMLS:C1862138,1,Q55788790 | ,True
983,OMIM:112910 | ORPHANET:93382 | UMLS:C1862130,1,Q32145404 | ,True
984,ORPHANET:93397,1,Q55788791 | ,True
985,OMIM:113000 | ORPHANET:93383 | UMLS:C1862112 | OMIM:611377,3,Q56014348 | Q32145508 | Q32145418 | ,
986,OMIM:113100 | ORPHANET:93384 | UMLS:C1862103,1,Q32145433 | ,True
987,OMIM:113300 | ORPHANET:93387 | UMLS:C1862102,2,Q56014349 | Q32145461 | ,
959,OMIM:112440 | ORPHANET:93395 | UMLS:C1862163,1,Q32145331 | ,False
967,OMIM:112410 | UMLS:C1862170,1,Q30314087 | ,False
5036,ORPHANET:1277,1,Q55785359 | ,True
988,OMIM:113470 | UMLS:C1862084,1,Q55780386 | ,False
989,,0,,
992,UMLS:C1859385,1,Q55781698 | ,False
10903,ORPHANET:1293,1,Q18553406 | ,True
10429,OMIM:113500 | UMLS:C0432227 | ORPHANET:93304,1,Q18553406 | ,False
9893,OMIM:609945 | UMLS:C1864965,1,Q55783707 | ,True
998,,0,,
12299,ORPHANET:75374,1,Q10434599 | ,True
13594,ORPHANET:352649,1,Q55787757 | ,False
8244,,0,,
9307,UMLS:C0220624,1,Q18554460 | ,False
9310,UMLS:C0220603,0,,
12163,ORPHANET:209905 | OMIM:610978,1,Q55783782 | ,True
1001,,0,,
1002,OMIM:301950 | ORPHANET:1131 | UMLS:C1844918,1,Q55782534 | ,False
3212,OMIM:113620 | ORPHANET:1297 | UMLS:C0376524,1,Q9390211 | ,True
10148,OMIM:602588 | ORPHANET:52429 | UMLS:C1865143,2,Q18966109 | Q1440027 | ,
10147,OMIM:113650 | ORPHANET:107,2,Q2280106 | Q55950187 | ,
12351,OMIM:604370  | ORPHANET:145,1,Q19000660 | ,False
12352,ORPHANET:145 | OMIM:604370,2,Q19000660 | Q54553364 | ,
9311,,0,,
9312,UMLS:C0238033,0,,
9397,UMLS:C0006160,1,Q745550 | ,True
10006,,0,,
1018,,0,,
1019,OMIM:229200 | ORPHANET:90354 | UMLS:C0268344 | OMIM:614170,1,Q3508598 | ,True
11900,,0,,
9158,OMIM:601003 | ORPHANET:53347 | UMLS:C1832918,1,Q4973199 | ,True
9400,ORPHANET:66529,1,Q595907 | ,False
9313,,0,,
1023,,0,,
9551,UMLS:C0006272,1,Q614750 | ,True
5961,ORPHANET:1303 | UMLS:C0242770,2,Q56013703 | Q2012642 | ,
1025,ORPHANET:2357 | UMLS:C0006281,1,Q4973829 | ,False
5962,ORPHANET:70589,1,Q922640 | ,True
10179,OMIM:605041 | ORPHANET:79493,3,Q55950213 | Q18553408 | Q928767 | ,
5610,OMIM:300612 | UMLS:C0796272 | ORPHANET:3056,1,Q28065633 | ,True
5963,UMLS:C0155339,1,Q991023 | ,True
5964,UMLS:C0242644,1,Q991037 | ,True
12861,OMIM:607882,1,Q55784375 | ,True
5966,UMLS:C0006309 | ORPHANET:1304,1,Q156050 | ,True
1029,OMIM:259450 | ORPHANET:2771 | UMLS:C1850168,1,Q3508623 | ,False
10023,OMIM:609220 | UMLS:C1836602,1,Q3508623 | ,False
1030,OMIM:601144 | ORPHANET:130,2,Q27677682 | Q599683 | ,
10361,UMLS:C2678478,1,Q27677684 | ,True
10362,OMIM:611876 | UMLS:C2678477,1,Q27677685 | ,True
10454,UMLS:C1304226,0,,
1034,,0,,
183,UMLS:C0282312,1,Q217519 | ,True
5968,OMIM:600880 | ORPHANET:131,1,Q183098 | ,False
5969,OMIM:211480 | ORPHANET:36258 | UMLS:C0040021,1,Q746001 | ,False
1038,OMIM:302000 | ORPHANET:1867 | UMLS:C0795974,1,Q55782535 | ,True
5972,,0,,
5973,OMIM:113970 | ORPHANET:543,1,Q1016605 | ,True
1041,,0,,
1042,OMIM:604093,2,Q3548166 | Q1637035 | ,
9520,OMIM:610446,1,Q55783746 | ,False
9663,UMLS:C1274335,0,,
1044,OMIM:166700 | ORPHANET:1306 | UMLS:C0265514,1,Q5001316 | ,False
1045,OMIM:225060 | UMLS:C2931488,2,Q28065578 | Q61913411 | ,
5976,,0,,
5978,OMIM:211750 | ORPHANET:1308 | UMLS:C0796095,1,Q1022312 | ,True
12958,OMIM:613652 | ORPHANET:169147,5,Q19121036 | Q5156399 | Q18553584 | Q56002622 | Q19121035 | ,
12136,,0,,
13244,ORPHANET:85293 | OMIM:300354,2,Q28065626 | Q31841194 | ,
13621,ORPHANET:448010 | OMIM:616457,1,Q61913431 | ,False
1049,OMIM:125310 | ORPHANET:136,2,Q1022718 | Q32146322 | ,
1050,OMIM:114030 | UMLS:C1861975,1,Q55780397 | ,False
1051,OMIM:114000 | ORPHANET:1310 | UMLS:C0020497,1,Q3801522 | ,True
12281,OMIM:616201,1,Q21124507 | ,False
8584,UMLS:C0796276,0,,
6256,UMLS:C0334574,0,,
5980,UMLS:C0006666,1,Q1026326 | ,True
10820,,0,,
1055,UMLS:C2931677,0,,
1058,OMIM:302030 | UMLS:C1863351,1,Q1051786 | ,True
8413,OMIM:604257 | UMLS:C1858661,1,Q9390215 | ,True
1061,OMIM:211890 | ORPHANET:1318 | UMLS:C1859371,1,Q55781701 | ,True
10027,OMIM:114290 | ORPHANET:140,1,Q1031536 | ,True
1062,OMIM:114150 | ORPHANET:1319 | UMLS:C1861963,1,Q55780400 | ,True
1063,UMLS:C0264162 | ORPHANET:1320,1,Q55785363 | ,False
306,OMIM:208250 | UMLS:C1859690 | ORPHANET:2848,1,Q30989065 | ,True
1067,OMIM:211910 | ORPHANET:1327,1,Q55781702 | ,True
1068,OMIM:211920 | ORPHANET:1326,1,Q55781704 | ,True
10573,OMIM:611929,1,Q55783848 | ,True
1069,OMIM:114200 | UMLS:C2931681,2,Q614013 | Q55785364 | ,
1070,UMLS:C2931682,0,,
1064,OMIM:211930 | UMLS:C1859357,1,Q55781705 | ,False
10012,OMIM:610474 | ORPHANET:85164 | UMLS:C1864852,1,Q50349826 | ,True
10134,OMIM:211965 | UMLS:C1859355,1,Q55781707 | ,True
1071,OMIM:211990 | UMLS:C1859354,1,Q55998542 | ,True
8748,OMIM:606631,2,Q55999719 | Q498487 | ,
1072,OMIM:131300 | ORPHANET:1328,1,Q498487 | ,True
5984,OMIM:271900 | ORPHANET:141 | UMLS:C0206307,1,Q2349546 | ,True
8171,,0,,
12314,OMIM:614162,1,Q3705799 | ,False
1077,OMIM:212050 | ORPHANET:1334,1,Q3705799 | ,False
9778,ORPHANET:71279 | UMLS:C2931684,1,Q55788488 | ,True
1078,UMLS:C2931685,0,,
1081,UMLS:C2930937,0,,
1082,,0,,
1083,,0,,
8585,OMIM:239850 | ORPHANET:1517,1,Q5034093 | ,True
11915,ORPHANET:171881,1,Q56013758 | ,True
8522,UMLS:C0206734,1,Q460937 | , has more than one gard id
11904,,0,,
7269,OMIM:237300 | ORPHANET:147 | UMLS:C0751753,1,Q5037834 | ,True
1089,UMLS:C0406419,0,,
13201,OMIM:615751 | ORPHANET:401948,1,Q55784783 | ,False
5994,UMLS:C0024586,0,,
9316,UMLS:C0007095,1,Q1734755 | ,False
9315,,0,,
5996,,0,,
9392,,0,,
11924,,0,,
1094,,0,,
199,,0,,
10468,UMLS:C0018813,0,,
1096,OMIM:314400 | UMLS:C0262436,1,Q5692507 | ,True
12613,ORPHANET:230851 | OMIM:225320,1,Q55781853 | ,False
8519,OMIM:212100 | UMLS:C1859329,1,Q55781714 | ,True
8586,OMIM:218450 | ORPHANET:2872 | UMLS:C1857495,1,Q42755841 | ,True
10673,,0,,
1097,,0,,
9146,OMIM:115150 | ORPHANET:1340 | UMLS:C1275081,1,Q1097490 | ,True
1099,,0,,
1108,OMIM:590060,0,,
1102,ORPHANET:1345,1,Q55785368 | ,True
1103,,0,,
1104,,0,,
5644,,0,,
5595,OMIM:605676 | ORPHANET:65282 | UMLS:C1854063,1,Q5047506 | ,True
1107,,0,,
1109,UMLS:C2931289,0,,
1110,,0,,
8311,OMIM:606163 | UMLS:C1853577,1,Q55782483 | ,True
2613,OMIM:212135 | UMLS:C1859327,1,Q55781717 | ,True
5999,UMLS:C0014848,2,Q661015 | Q56014340 | ,
3889,OMIM:254940 | ORPHANET:1358 | UMLS:C1850746,1,Q3508625 | ,True
1117,UMLS:C2930940,0,,
1119,ORPHANET:1359 | OMIM:605244 | OMIM:160980,1,Q1044007 | ,True
10924,OMIM:604287 | ORPHANET:139411,1,Q5044023 | ,True
1120,OMIM:600528 | ORPHANET:156 | UMLS:C1829703,1,Q3043143 | ,True
1121,OMIM:600650 | ORPHANET:157 | UMLS:C0342790,2,Q14912537 | Q2033861 | ,
1123,OMIM:212138 | ORPHANET:159 | UMLS:C0342791,1,Q5044061 | ,True
6001,OMIM:212200 | ORPHANET:1361 | UMLS:C0268632,2,Q4353825 | Q18553707 | ,
6002,OMIM:600643 | ORPHANET:53035,1,Q1044327 | ,True
10598,UMLS:C0007279,1,Q54960986 | ,False
6003,OMIM:201000 | ORPHANET:65759,1,Q2272470 | ,True
1129,,0,,
1128,OMIM:127820 | ORPHANET:2767,1,Q55780519 | ,True
6996,OMIM:250250 | ORPHANET:175,1,Q2964438 | ,True
6004,,0,,
1132,UMLS:C2931062,0,,
12670,OMIM:300749 | OMIM:300422,2,Q530142 | Q16938818 | ,
9796,OMIM:607271 | UMLS:C1846545,1,Q27677634 | ,False
10442,,0,,
12656,ORPHANET:160,1,Q1947302 | ,True
26,OMIM:115470 | ORPHANET:195 | UMLS:C0265493,1,Q1199621 | ,True
27,ORPHANET:50839,1,Q639776 | ,True
9858,OMIM:131200 | UMLS:C0340007,1,Q5051401 | ,True
1145,OMIM:212400 | UMLS:C1859315,1,Q55781721 | ,False
1141,OMIM:212710 | ORPHANET:1368 | UMLS:C0796123,1,Q55781723 | ,False
1143,,0,,
1144,OMIM:601286,0,,
1146,OMIM:115665 | ORPHANET:98983 | UMLS:C1861833,1,Q27674867 | ,False
1150,OMIM:212500 | UMLS:C2931791,1,Q27674884 | ,True
1155,OMIM:116150 | ORPHANET:1377 | UMLS:C1861829,1,Q18589315 | ,True
1158,,0,,
9892,OMIM:610019 | UMLS:C1864908,1,Q27674879 | ,False
8278,UMLS:C2930878,0,,
10234,OMIM:116600 | UMLS:C1861825,1,Q27677691 | ,False
10227,OMIM:605387 | UMLS:C1854311,1,Q27677694 | ,False
10228,OMIM:610623 | UMLS:C1864567,1,Q27677692 | ,False
10236,OMIM:610634 | UMLS:C1857718,0,,
1159,OMIM:302200 | ORPHANET:98994,2,Q27674906 | Q8074019 | ,
1160,,0,,
1060,OMIM:212540 | UMLS:C1859312,2,Q29014951 | Q5008650 | ,
10222,OMIM:300619 | UMLS:C1845094,1,Q55782457 | ,False
9820,,0,,
10080,OMIM:116850 | UMLS:C1861799,0,,
4421,OMIM:604772 | ORPHANET:3286,2,Q1649897 | Q28024494 | ,
28,OMIM:302380 | ORPHANET:1388 | UMLS:C1844887,1,Q5051865 | ,True
10987,,0,,
1163,ORPHANET:1123,1,Q55785347 | ,True
1164,UMLS:C0544738,1,Q5280135 | ,True
6007,OMIM:600145 | ORPHANET:3027,2,Q55999592 | Q1129947 | ,
6010,UMLS:C0205828,0,,
9521,UMLS:C2025557,1,Q18553596 | ,True
9523,,0,,
1173,,0,,
1174,,0,,
1175,,0,,
12173,OMIM:300672,2,Q54553262 | Q61913483 | ,
12308,,0,,
1179,,0,,
10826,,0,,
12280,ORPHANET:226298,1,Q55786205 | ,True
6014,OMIM:117000 | ORPHANET:597,1,Q638975 | ,False
6015,OMIM:125700 | ORPHANET:178029,1,Q12412172 | ,False
2005,ORPHANET:91352 | UMLS:C0206660,3,Q18555001 | Q950838 | Q26494696 | ,
10641,ORPHANET:73256 | UMLS:C0206719,1,Q5062123 | ,True
5161,,0,,
200,UMLS:C0730328,1,Q1431217 | ,True
101,ORPHANET:595,1,Q782958 | ,True
9747,UMLS:C0546996,1,Q191672 | ,True
1187,,0,,
9301,UMLS:C0278594,1,Q18557207 | ,False
3314,OMIM:212840 | ORPHANET:1173 | UMLS:C1859305,1,Q18020927 | ,False
1189,OMIM:212835 | ORPHANET:1174 | UMLS:C1859306,1,Q55781727 | ,False
1188,OMIM:601338 | ORPHANET:1171 | UMLS:C1832466,2,Q55345901 | Q55345761 | ,
6019,UMLS:C0262404,2,Q29643762 | Q1620193 | ,
1194,ORPHANET:1398 | UMLS:C0266470 | OMIM:213000,2,Q2214869 | Q18345210 | ,
1196,OMIM:213000 | ORPHANET:2246,1,Q55786188 | ,True
1195,OMIM:213002 | ORPHANET:85186 | UMLS:C1859301,1,Q55781731 | ,False
10642,UMLS:C1370507,1,Q191553 | ,True
1198,,0,,
1199,OMIM:213200 | ORPHANET:1170,1,Q21124571 | ,False
1200,OMIM:307010 | ORPHANET:1397,1,Q55782561 | ,True
9302,UMLS:C0338070,1,Q18557440 | ,True
10424,OMIM:600142 | ORPHANET:199354 | UMLS:C1838577,2,Q25324161 | Q1022718 | ,
1201,,0,,
1202,,0,,
9940,OMIM:609528 | ORPHANET:66631 | UMLS:C1836033,1,Q5064098 | ,False
10594,OMIM:613068 | ORPHANET:217382 | UMLS:C2751584,2,Q55345829 | Q18553424 | ,
1206,ORPHANET:2081,1,Q55785985 | ,True
10451,OMIM:605388 | UMLS:C0394005,2,Q4813631 | Q4812914 | ,
10449,UMLS:C0270742,0,,
10448,UMLS:C0837177,0,,
10446,,0,,
10447,OMIM:603513,2,Q55345769 | Q3985306 | ,
10073,OMIM:117600 | UMLS:C1861714,1,Q55950194 | ,True
7348,OMIM:213900 | UMLS:C1859258,2,Q55345696 | Q1876206 | ,
6025,UMLS:C1656392,1,Q18555974 | ,True
1210,OMIM:213980,1,Q55781738 | ,True
6026,UMLS:C0265342 | OMIM:117650 | ORPHANET:1393,1,Q29033216 | ,True
5456,UMLS:C1832390 | ORPHANET:314679,1,Q18966114 | ,False
6027,ORPHANET:1466 | UMLS:C0220722,1,Q29014951 | ,False
10459,UMLS:C2749941,0,,
3480,OMIM:605627 | ORPHANET:66625,1,Q55783421 | ,True
10166,,0,,
5622,OMIM:213700 | ORPHANET:909 | UMLS:C0238052,1,Q2602467 | ,True
1219,OMIM:256730 | ORPHANET:228329,3,Q4358039 | Q32140531 | Q4357262 | ,
9447,OMIM:214200 | UMLS:C0027877,2,Q4358039 | Q55345700 | ,
9508,ORPHANET:98989 | UMLS:C0344523 | OMIM:115660 | OMIM:601547 | OMIM:608983 | OMIM:610202,4,Q27674901 | Q27674896 | Q56014422 | Q27674908 | ,
10668,UMLS:C0949445,0,,
1226,OMIM:239840 | ORPHANET:2218,1,Q55781964 | ,True
9244,UMLS:C0206708,1,Q196788 | ,True
1227,OMIM:601389 | UMLS:C1832391,1,Q55783123 | ,True
3979,OMIM:275630 | ORPHANET:98907 | UMLS:C0268238,1,Q7003001 | ,False
9522,UMLS:C0007947,1,Q31798 | ,True
6033,UMLS:C0544008,1,Q18554106 | ,False
1235,ORPHANET:3282,1,Q1165996 | ,False
1237,OMIM:169100 | ORPHANET:46627 | UMLS:C1868570,1,Q2411095 | ,True
6034,ORPHANET:166,1,Q1052687 | ,True
12433,ORPHANET:65753 | OMIM:118220 | OMIM:118200 | OMIM:601098 | OMIM:607678 | OMIM:118300 | OMIM:607734,8,Q1052687 | Q9190339 | Q27677642 | Q3281253 | Q11690084 | Q27677643 | Q9190340 | Q27677646 | ,
1245,OMIM:118220 | ORPHANET:101081 | UMLS:C0270911,2,Q1052687 | Q9190339 | ,
1246,OMIM:118200 | ORPHANET:101082,1,Q9190340 | ,False
1247,OMIM:601098 | ORPHANET:101083 | UMLS:C0270913,1,Q11690084 | ,True
9189,OMIM:607678 | ORPHANET:101084 | UMLS:C1843247,1,Q27677643 | ,True
9190,OMIM:118300 | ORPHANET:90658,1,Q27677646 | ,True
9191,OMIM:607734 | ORPHANET:101085 | UMLS:C1843164,1,Q27677642 | ,True
12431,ORPHANET:64746,1,Q3281254 | ,True
1248,OMIM:118210 | UMLS:C2079538,1,Q27164460 | ,False
9192,OMIM:600882 | ORPHANET:99936 | UMLS:C1833219,1,Q27164465 | ,True
8548,OMIM:605588 | ORPHANET:98856 | UMLS:C1854154,1,Q27164462 | ,True
1249,OMIM:605589 | ORPHANET:101101 | UMLS:C1854150,1,Q27164488 | ,False
1250,OMIM:606071 | UMLS:C2079540,1,Q27164492 | ,True
1251,OMIM:601472 | ORPHANET:99938 | UMLS:C1832274,1,Q27164471 | ,True
9193,OMIM:607684 | ORPHANET:99939 | UMLS:C1843225,1,Q27164473 | ,True
9194,OMIM:606595 | ORPHANET:99940 | UMLS:C1847823,1,Q27164470 | ,True
9195,OMIM:607706 | ORPHANET:99941,2,Q55783594 | Q55999750 | ,
9196,OMIM:607731 | ORPHANET:101102 | UMLS:C1843173,1,Q27164474 | ,False
9197,OMIM:607677 | ORPHANET:99942 | UMLS:C1843251,1,Q27164464 | ,True
9198,OMIM:607736 | ORPHANET:99943 | UMLS:C1843153,1,Q27164463 | ,True
9199,OMIM:607831 | ORPHANET:99944 | UMLS:C1842983,2,Q27164475 | Q56014461 | ,
12432,OMIM:608673,1,Q27164483 | ,False
12429,OMIM:613287 | ORPHANET:228174,1,Q27164486 | ,False
12434,ORPHANET:284232 | OMIM:614228,1,Q27164484 | ,False
12435,OMIM:614436 | ORPHANET:300319,1,Q27164478 | ,True
12446,ORPHANET:329258 | OMIM:615025,1,Q27164479 | ,False
12451,ORPHANET:397968 | OMIM:615490,1,Q27164468 | ,True
12440,ORPHANET:64749,1,Q3281259 | ,True
1252,OMIM:214400 | ORPHANET:99948 | UMLS:C1859198,1,Q27677649 | ,False
1253,OMIM:601382 | ORPHANET:99955 | UMLS:C1832399,1,Q27677653 | ,True
9200,OMIM:604563 | ORPHANET:99956 | UMLS:C1858278,1,Q27677652 | ,True
9201,OMIM:601596 | ORPHANET:99949 | UMLS:C1866636,1,Q27677647 | ,False
3973,OMIM:601455 | ORPHANET:99950 | UMLS:C1832334,1,Q27677650 | ,True
9203,OMIM:605253 | ORPHANET:99951 | UMLS:C0393818,1,Q27677657 | ,False
12441,,0,,
12442,ORPHANET:99954 | OMIM:609311,1,Q27677654 | ,False
12443,,0,,
29,OMIM:214800 | ORPHANET:138 | UMLS:C0265354,1,Q1023604 | ,True
10343,UMLS:C0339731,0,,
1261,ORPHANET:1406 | UMLS:C0221060,2,Q56013714 | Q1418152 | ,
13197,OMIM:615369,2,Q21694579 | Q6947909 | ,
6035,OMIM:214500 | ORPHANET:167 | UMLS:C0007965,2,Q934034 | Q81867 | ,
412,OMIM:118330 | ORPHANET:1221 | UMLS:C0267034,1,Q2514487 | ,False
6036,OMIM:118400 | ORPHANET:184 | UMLS:C0008029,1,Q568865 | ,True
10185,OMIM:176010 | UMLS:C0268322,0,,
9232,OMIM:207950 | ORPHANET:1136,1,Q1071707 | ,False
9233,OMIM:118420 | UMLS:C0750931,1,Q55780415 | ,False
9234,,0,,
6037,UMLS:C0008043,1,Q1433936 | ,False
6038,UMLS:C0008055,0,,
10685,UMLS:C0267494,0,,
6039,OMIM:308050 | ORPHANET:139 | UMLS:C0265267,1,Q3508568 | ,True
9240,UMLS:C0023452 | ORPHANET:513,1,Q180664 | ,False
12889,ORPHANET:209908 | OMIM:602081,1,Q17118937 | ,True
9306,UMLS:C0278600,1,Q18557236 | ,True
6040,UMLS:C0236791,1,Q388722 | ,True
13571,ICD 10:E51.8 | ORPHANET:293955 | OMIM:614458,1,Q55784328 | ,False
9331,OMIM:114550 | UMLS:C0279606 | ORPHANET:33402,2,Q1148337 | Q55787710 | ,
8735,ORPHANET:247667 | OMIM:241510,1,Q32144690 | ,True
9345,NCI Thesaurus:C118815,0,,
9361,,0,,
9412,OMIM:300100 | ORPHANET:139396,2,Q55345732 | Q366964 | ,
7171,ORPHANET:171439,1,Q56013756 | ,True
13658,OMIM:617672,0,,
4766,UMLS:C0036346,0,,
10559,ORPHANET:264665,1,Q55786730 | ,True
1274,OMIM:311895 | ORPHANET:2888 | UMLS:C2931064,1,Q55782602 | ,True
1277,UMLS:C2931066,0,,
10041,OMIM:608572 | ORPHANET:1200 | UMLS:C1837822,1,Q55999785 | ,True
30,,0,,
6043,ORPHANET:173 | UMLS:C0008354,1,Q12090 | ,True
9803,OMIM:615878 | UMLS:C2931067,2,Q60195068 | Q3682587 | ,
10422,UMLS:C0008373,1,Q558230 | ,True
8500,OMIM:215030 | UMLS:C0549472,1,Q55781743 | ,True
12099,OMIM:278000 | ORPHANET:75234,3,Q2622714 | Q53660462 | Q6710283 | ,
6047,UMLS:C0008441,1,Q1076053 | ,True
6048,OMIM:600668 | UMLS:C1833499,3,Q55950198 | Q55999604 | Q559082 | ,
1292,OMIM:118600 | ORPHANET:1416 | UMLS:C0856830,2,Q55950198 | Q559082 | ,
10139,OMIM:118610 | UMLS:C1861580,2,Q55950199 | Q559082 | ,
10077,OMIM:609441 | UMLS:C1836182,3,Q9190289 | Q2718677 | Q55999831 | ,
914,OMIM:215045 | ORPHANET:50945 | UMLS:C1859148,1,Q5104520 | ,True
10613,OMIM:215050 | UMLS:C1859147,2,Q13566985 | Q3251367 | ,
1294,,0,,
1296,OMIM:302950 | ORPHANET:79345,2,Q18987139 | Q8041561 | ,
1298,ORPHANET:79344,1,Q18649173 | ,False
8542,OMIM:215105 | ORPHANET:93442 | UMLS:C1859132,2,Q55998559 | Q1076060 | ,
6050,,0,,
1302,,0,,
1299,ORPHANET:1424,0,,
11009,ORPHANET:280586 | OMIM:614078,1,Q55784094 | ,False
1300,OMIM:200700 | ORPHANET:2098 | UMLS:C0265260,1,Q9190289 | ,False
6051,UMLS:C0008449,1,Q3251367 | ,False
6052,UMLS:C0936248,1,Q1076078 | ,True
6055,OMIM:215300 | ORPHANET:55880 | UMLS:C0008479,1,Q1076087 | , has more than one gard id
12845,OMIM:616368,1,Q55784895 | ,False
10636,UMLS:C1322252,2,Q18556073 | Q18556072 | ,
1303,OMIM:215400 | ORPHANET:178 | UMLS:C0008487,1,Q1076389 | ,True
6057,UMLS:C0152113,0,,
9606,OMIM:601372 | UMLS:C1832422,1,Q55783099 | ,False
3956,OMIM:200150 | ORPHANET:2388 | UMLS:C0393576,2,Q746781 | Q3338656 | ,
1306,,0,,
6059,UMLS:C0008497,1,Q1076481 | ,True
6060,UMLS:C0008513,1,Q1402851 | ,True
1308,,0,,
8238,ORPHANET:251899 | UMLS:C0431109,1,Q1524940 | ,True
1309,UMLS:C0338597,0,,
4214,OMIM:260500 | ORPHANET:2807 | UMLS:C0205770,1,Q623668 | ,True
10049,OMIM:215500 | ORPHANET:75377 | UMLS:C1536451,4,Q55346129 | Q18558226 | Q55345702 | Q18558233 | ,
6061,OMIM:303100 | ORPHANET:180,1,Q2397009 | ,True
1312,,0,,
6062,UMLS:C0008526,1,Q3693917 | ,True
1315,,0,,
1316,,0,,
10572,OMIM:300243 | ORPHANET:85278 | UMLS:C2678194,1,Q28065629 | ,True
10749,,0,,
1319,ORPHANET:182 | UMLS:C0008582,1,Q2726043 | ,True
9575,UMLS:C1306837,1,Q16877679 | ,False
6064,UMLS:C1266042,1,Q18556342 | ,True
6065,UMLS:C0041107,0,,
1878,UMLS:C2931726,0,,
5406,UMLS:C2931794,0,,
1323,ORPHANET:1580,1,Q55783098 | ,False
5299,ORPHANET:171929 | UMLS:C0795837,1,Q55785697 | ,False
3711,ORPHANET:96148 | UMLS:C0795839,1,Q21154055 | ,False
8630,,0,,
1732,,0,,
10845,,0,,
1735,UMLS:C2931804,0,,
1923,UMLS:C0795842,0,,
6068,UMLS:C0795844,0,,
5305,ORPHANET:1699 | UMLS:C0795845,1,Q55785673 | ,False
10847,,0,,
1926,UMLS:C0795846,0,,
1738,,0,,
1929,UMLS:C0795849,0,,
3722,UMLS:C2931701,0,,
5311,UMLS:C2931700,0,,
5313,ORPHANET:1706 | UMLS:C2931707,1,Q55785678 | ,False
1746,UMLS:C2931708,0,,
5314,UMLS:C0795858,0,,
10990,,0,,
7060,UMLS:C1519651,0,,
5411,UMLS:C2931712,0,,
10853,,0,,
5315,UMLS:C0795861,0,,
10754,OMIM:610543,1,Q666980 | ,False
10755,OMIM:613458 | ORPHANET:96078,1,Q21154077 | ,True
10854,,0,,
5316,UMLS:C2931711,0,,
6075,UMLS:C2931713,0,,
5318,UMLS:C0795865 | ORPHANET:261290,1,Q55786547 | ,False
10996,OMIM:613776 | ORPHANET:319171,2,Q55787475 | Q22443682 | ,
10972,ORPHANET:1597,1,Q55785556 | ,False
5320,UMLS:C2931247,1,Q55787716 | ,False
5408,OMIM:613675 | ORPHANET:97685 | UMLS:C2931198,1,Q21154063 | ,False
8631,OMIM:146390 | ORPHANET:1598,1,Q4557543 | ,True
5323,ORPHANET:1715 | UMLS:C2931811,1,Q55785684 | ,False
35,ORPHANET:3307 | UMLS:C0795868,1,Q2110688 | ,True
13000,,0,,
5324,UMLS:C0809935,0,,
10835,,0,,
10834,,0,,
10833,,0,,
5326,UMLS:C0795871,0,,
10592,OMIM:613026 | ORPHANET:217346 | UMLS:C2751651,1,Q21154066 | ,True
3730,UMLS:C0795796,0,,
10832,,0,,
6082,OMIM:607872 | ORPHANET:1606 | UMLS:C1842870,1,Q3297103 | ,True
8669,,0,,
10591,OMIM:612475 | ORPHANET:250994 | UMLS:C2675891,1,Q2692054 | ,True
3738,OMIM:612530 | ORPHANET:250999 | UMLS:C2931584,1,Q21154068 | ,True
5332,UMLS:C0265479,0,,
3739,ORPHANET:1611 | UMLS:C2930887,0,,
5333,UMLS:C2930888,1,Q55786551 | ,False
10857,,0,,
10856,,0,,
5413,UMLS:C2931324 | ORPHANET:263064,0,,
10860,ORPHANET:574,1,Q55788409 | ,False
10858,,0,,
8668,,0,,
10862,,0,,
10836,,0,,
5337,UMLS:C0795803,0,,
3744,UMLS:C0795804,0,,
5340,UMLS:C0795805,0,,
3746,ORPHANET:1617 | UMLS:C2931816,1,Q55785558 | ,False
37,UMLS:C0795806,0,,
5343,UMLS:C0795807,0,,
3750,UMLS:C2931337 | OMIM:613792 | ORPHANET:1620,1,Q21154070 | ,False
10838,,0,,
5345,UMLS:C0795809,0,,
10360,OMIM:611936 | ORPHANET:251038,1,Q21505486 | ,True
6090,,0,,
6091,ORPHANET:1738,1,Q55785701 | ,False
1340,,0,,
5347,ORPHANET:1739 | UMLS:C0795812,0,,
5415,,0,,
10842,,0,,
6093,ORPHANET:1742 | UMLS:C2931575,1,Q55785702 | ,False
10840,,0,,
5351,UMLS:C1802398,0,,
10843,,0,,
5352,UMLS:C2931621,0,,
3760,UMLS:C0795816,0,,
5353,,0,,
3764,OMIM:612863 | ORPHANET:251056 | UMLS:C2931620,1,Q21124548 | ,False
1346,,0,,
5355,UMLS:C0795820,0,,
3765,UMLS:C1513483,0,,
5357,UMLS:C0795821,0,,
3768,UMLS:C0795824,0,,
5361,UMLS:C0795825,0,,
3769,UMLS:C2931638 | ORPHANET:251071,1,Q55786361 | ,False
3770,UMLS:C0795828,0,,
5362,UMLS:C0795829 | ORPHANET:1752,1,Q55785706 | ,False
12814,OMIM:615583,1,Q55784756 | ,False
3773,UMLS:C0795830 | ORPHANET:261112,1,Q3321253 | ,False
5364,UMLS:C0265428,0,,
10844,,0,,
7821,UMLS:C0795834,0,,
10978,,0,,
11002,,0,,
5369,,0,,
3776,OMIM:300475 | UMLS:C2931312,1,Q55999520 | ,False
9534,OMIM:226990,1,Q5384031 | ,True
10811,OMIM:256040 | ORPHANET:325004,2,Q6960193 | Q26689941 | ,
1352,,0,,
1130,UMLS:C2930941,0,,
6099,,0,,
10964,,0,,
6100,ORPHANET:379 | UMLS:C0018203,1,Q2165663 | ,True
6657,ORPHANET:396,1,Q55787963 | ,True
6102,OMIM:139393 | ORPHANET:2932 | UMLS:C0393819,3,Q205214 | Q50357589 | Q1088030 | ,
12744,ORPHANET:2978,1,Q56014002 | ,True
10779,ORPHANET:284448,1,Q29103411 | ,True
6104,UMLS:C0023434 | OMIM:151400,1,Q1088156 | ,True
6105,OMIM:608232 | ORPHANET:521 | UMLS:C0023473,1,Q729735 | ,True
8225,UMLS:C0023480,2,Q2578247 | Q1088072 | ,
9319,UMLS:C1292778,1,Q18555039 | ,False
10585,UMLS:C0023481,1,Q1088057 | ,True
1355,,0,,
4503,UMLS:C0162674,1,Q2026857 | ,True
6108,OMIM:259680 | UMLS:C0410422 | ORPHANET:324964,1,Q2787011 | ,False
13124,ORPHANET:70591 | OMIM:612862,1,Q1958249 | ,True
1358,OMIM:253320 | ORPHANET:3068 | UMLS:C1854663,1,Q55782121 | ,False
86,OMIM:604213 | UMLS:C1858695,1,Q9390217 | ,True
9683,OMIM:246700 | ORPHANET:71 | UMLS:C0795956,1,Q959211 | ,True
10156,OMIM:603523 | UMLS:C0340014,1,Q27674744 | ,True
1359,OMIM:208300 | ORPHANET:1160,1,Q15727012 | ,True
5913,ORPHANET:46486,0,,
6113,UMLS:C0008775,0,,
1360,UMLS:C0340038,1,Q55781752 | ,True
2982,OMIM:242680 | UMLS:C0340036,1,Q55998638 | ,True
1361,,0,,
1362,,0,,
3589,OMIM:156610 | ORPHANET:2505 | UMLS:C0473586,1,Q6836884 | ,True
1365,,0,,
1366,,0,,
9949,OMIM:215720 | UMLS:C1859084,1,Q55781755 | ,True
6114,OMIM:215700 | ORPHANET:187,1,Q859142 | ,False
9994,UMLS:C2931130,1,Q47483025 | ,True
10277,OMIM:314100,1,Q5160412 | ,False
12665,ORPHANET:90794,1,Q4127185 | ,True
13639,ORPHANET:79239,1,Q5517832 | ,False
2088,ORPHANET:287 | OMIM:130000,2,Q1141499 | Q3508606 | ,
8507,OMIM:606408 | UMLS:C1848029 | ORPHANET:230839,1,Q55783453 | ,False
9574,,0,,
1369,OMIM:119100 | ORPHANET:3329 | UMLS:C1861553,2,Q25379322 | Q55780423 | ,
1371,,0,,
1375,,0,,
1381,,0,,
1382,,0,,
1383,,0,,
1386,,0,,
1388,,0,,
1389,,0,,
1391,UMLS:C0795898,1,Q55373613 | ,True
1392,ORPHANET:2015,1,Q55785908 | ,True
1393,OMIM:216300,1,Q55781757 | ,True
1394,OMIM:303400 | UMLS:C1844830,1,Q27164422 | ,True
13480,OMIM:600987,1,Q55782890 | ,False
10063,OMIM:609466 | UMLS:C1836120,1,Q55783677 | ,True
1395,UMLS:test,0,,
6118,OMIM:119600 | ORPHANET:1452 | UMLS:C0008928,1,Q781618 | ,True
10623,OMIM:216330 | UMLS:C1859080,1,Q781618 | ,False
5532,OMIM:119650 | ORPHANET:1453 | UMLS:C1861515,1,Q7963156 | ,True
11970,,0,,
11969,,0,,
9771,,0,,
2056,OMIM:129500 | ORPHANET:189,1,Q5135822 | ,True
10939,OMIM:612918 | ORPHANET:140944,1,Q22115476 | ,True
9272,,0,,
1409,,0,,
1410,OMIM:216360 | ORPHANET:1454 | UMLS:C1857662,2,Q25326623 | Q55345703 | ,
8356,,0,,
1412,ORPHANET:1967,0,,
12571,ORPHANET:397725 | OMIM:615643,1,Q32140763 | ,False
6121,OMIM:300216 | ORPHANET:190 | UMLS:C0154832,1,Q915322 | ,True
11892,ORPHANET:53721,1,Q3775046 | ,True
1413,UMLS:C0432371,1,Q7240522 | ,True
9525,,0,,
5168,UMLS:C0009193,0,,
9418,OMIM:120040 | UMLS:C1861512,1,Q55780429 | ,True
6122,ORPHANET:191,4,Q55345704 | Q55346083 | Q55346084 | Q914389 | ,
1415,OMIM:216400 | ORPHANET:90321 | UMLS:C0751039,3,Q55346083 | Q55346084 | Q914389 | ,
1420,ORPHANET:90322 | OMIM:133540,3,Q55346083 | Q55346084 | Q914389 | ,
1417,OMIM:216411 | ORPHANET:90324 | UMLS:C0751037,4,Q55345704 | Q55346083 | Q55346084 | Q914389 | ,
1418,OMIM:600373 | ORPHANET:1458 | UMLS:C1838180,1,Q54319441 | ,True
1419,,0,,
10423,OMIM:607426 | ORPHANET:35656 | UMLS:C1843920,2,Q60195088 | Q5140809 | ,
8589,UMLS:C0795900,1,Q1106881 | , has more than one gard id
6123,OMIM:303600 | ORPHANET:192,1,Q1106881 | , has more than one gard id
6124,OMIM:135900 | ORPHANET:1465 | UMLS:C0265338,2,Q2348105 | Q50349616 | ,
10226,OMIM:611209 | ORPHANET:263508,1,Q60195114 | ,True
12412,ORPHANET:263501 | OMIM:613489,1,Q60195118 | ,True
12348,OMIM:613612 | ORPHANET:263487,1,Q60195116 | ,True
10944,OMIM:614576,1,Q60195120 | ,True
9842,ORPHANET:79333 | OMIM:608779,1,Q60195111 | ,True
12411,ORPHANET:95428 | OMIM:611182,1,Q60195115 | ,True
1421,,0,,
6125,ORPHANET:98980 | UMLS:C1168173,1,Q18553732 | ,True
1423,,0,,
6126,OMIM:216550 | ORPHANET:193 | UMLS:C0265223,1,Q1107087 | ,True
6130,ORPHANET:56425,2,Q3961632 | Q56014227 | ,
6131,,0,,
1611,ORPHANET:1545 | OMIM:272430 | ORPHANET:157820 | UMLS:C1832409,3,Q3961672 | Q60195324 | Q55998740 | ,
1425,OMIM:112240 | ORPHANET:2050 | UMLS:C1862178,1,Q21127479 | ,False
12384,OMIM:615522,1,Q22965415 | ,False
12705,OMIM:120220,0,,
9246,OMIM:120140 | UMLS:C2931073,0,,
10961,,0,,
9573,UMLS:C1266044 | ORPHANET:247203,1,Q18975905 | ,True
1428,ORPHANET:2412,1,Q55783172 | ,True
1429,,0,,
9878,OMIM:609363 | UMLS:C0266481,1,Q55783672 | ,True
588,OMIM:203000 | UMLS:C1859964,1,Q55781635 | ,False
1433,,0,,
1434,,0,,
1436,OMIM:120300 | ORPHANET:98945 | UMLS:C1852767,2,Q1462309 | Q55950207 | ,
1437,OMIM:120400 | ORPHANET:1471 | UMLS:C1852752,1,Q55780433 | ,False
8502,OMIM:120430 | UMLS:C0155299,2,Q18070807 | Q48987599 | ,
1438,,0,,
1439,,0,,
1442,,0,,
1446,UMLS:C0266190,1,Q55782541 | ,False
6137,,0,,
9320,,0,,
10008,UMLS:C0431384,1,Q5149292 | ,True
1448,,0,,
1449,,0,,
13712,ORPHANET:231154 | OMIM:609889 | ICD 10:D81.8,1,Q55783701 | ,False
13587,ORPHANET:157949 | OMIM:233650,1,Q55781921 | ,False
10818,OMIM:614265,1,Q55784284 | ,False
12893,,0,,
12892,OMIM:615395 | ORPHANET:352563,1,Q18987134 | ,False
10602,ORPHANET:95494,1,Q922411 | ,False
6140,OMIM:607594 | ORPHANET:1572,1,Q1472818 | ,True
6141,UMLS:C0009492,1,Q1778968 | ,True
1452,OMIM:217000 | ORPHANET:169147,4,Q19121036 | Q5156399 | Q18553584 | Q19121035 | ,
2191,UMLS:C2930920 | OMIM:609536,2,Q18557854 | Q7702722 | ,
10626,OMIM:120950,1,Q7702722 | ,False
10625,OMIM:120960,0,,
9526,UMLS:C1285186,1,Q55762552 | ,True
1453,,0,,
9527,UMLS:C0398783,0,,
10597,ORPHANET:99429 | UMLS:C0936016,2,Q512313 | Q473262 | ,
1454,,0,,
4647,OMIM:604335 | ORPHANET:83452,2,Q18554916 | Q1066311 | ,
10910,ORPHANET:57196,1,Q55788408 | ,False
13322,,0,,
1460,OMIM:221300 | UMLS:C1857341 | ORPHANET:3216,1,Q55781803 | ,False
11897,ORPHANET:1871,0,,
10119,OMIM:304030 | UMLS:C1844775,1,Q55999549 | ,True
10790,ORPHANET:1872,1,Q18553315 | ,True
10651,OMIM:600624 | UMLS:C1833564,1,Q32145995 | ,True
6145,OMIM:120970 | UMLS:C0035334,2,Q847057 | Q32145936 | ,
10653,OMIM:604116 | UMLS:C1858806,1,Q32146055 | ,True
10655,OMIM:600977 | UMLS:C1832976,1,Q32146011 | ,True
10656,OMIM:601777 | UMLS:C1866293,1,Q32146026 | ,True
1463,OMIM:217080 | ORPHANET:1873,1,Q6126829 | ,True
10652,OMIM:304020,1,Q32145981 | ,True
1462,OMIM:300085 | UMLS:C1848139,1,Q32145951 | ,True
10654,OMIM:300476 | UMLS:C1845407,1,Q32145967 | ,True
9972,UMLS:C2931075,0,,
1467,ORPHANET:418 | OMIM:201910 | OMIM:202110 | OMIM:202010 | OMIM:201810 | OMIM:201710,6,Q366868 | Q4127185 | Q4127184 | Q4127186 | Q4262866 | Q4127183 | ,
12664,ORPHANET:95699 | OMIM:613571,1,Q16740582 | ,True
640,OMIM:604498 | ORPHANET:3319 | UMLS:C1327915,1,Q5160405 | ,True
1471,UMLS:C1857583,0,,
13056,ORPHANET:86816 | OMIM:616000,1,Q4751018 | ,True
1472,,0,,
9486,OMIM:107200 | ORPHANET:88620 | UMLS:C0393778,1,Q18928521 | ,True
6149,UMLS:C0702159,1,Q5160440 | ,False
6150,UMLS:C0332965,1,Q707837 | ,False
1473,UMLS:C0595987,0,,
1474,,0,,
5461,OMIM:277180 | ORPHANET:48 | UMLS:C0403814,1,Q53923559 | ,True
9813,OMIM:607765 | UMLS:C1843116 | ORPHANET:79301,1,Q42863605 | ,False
10045,OMIM:235555 | ORPHANET:79303 | UMLS:C1856127,1,Q42863601 | ,False
1475,,0,,
6154,UMLS:C0596366,0,,
8535,OMIM:209880 | ORPHANET:661,1,Q979129 | ,True
10001,OMIM:214700 | ORPHANET:53689,2,Q5160413 | Q28065579 | ,
5899,OMIM:121050 | ORPHANET:115 | UMLS:C0220668,2,Q18553375 | Q3508618 | ,
1477,UMLS:C0332878,0,,
1478,,0,,
10617,,0,,
1479,,0,,
1480,ORPHANET:294 | UMLS:C0158945,1,Q5160416 | , has more than one gard id
1705,OMIM:221350 | ORPHANET:3239,1,Q55781806 | ,True
1481,OMIM:142340 | ORPHANET:2140,1,Q2163245 | ,True
9692,UMLS:C0345360,1,Q55787079 | ,True
9840,OMIM:212067 | UMLS:C0349655,1,Q55781710 | ,True
12782,,0,,
10307,ORPHANET:137,1,Q1125675 | ,True
1999,ORPHANET:85,1,Q5160422 | ,True
2000,OMIM:224120 | ORPHANET:98869 | UMLS:C0271933 | OMIM:615631,2,Q56014413 | Q5160422 | ,
2001,OMIM:224100 | UMLS:C1306589 | ORPHANET:98873,1,Q5160422 | ,False
2002,ORPHANET:98870 | OMIM:105600 | UMLS:C0271934,1,Q5160422 | ,False
9723,OMIM:224800 | UMLS:C2931012,1,Q55781844 | ,True
4446,OMIM:263700 | ORPHANET:79277,1,Q1759389 | ,True
10908,,0,,
1503,ORPHANET:1987 | UMLS:C0345375,1,Q55785887 | ,False
6161,OMIM:255310 | ORPHANET:2020 | UMLS:C0546264,1,Q1956696 | ,False
12590,ORPHANET:45358,0,,
6163,UMLS:C0432284,0,,
13388,ORPHANET:528,1,Q6556681 | ,False
84,OMIM:608594 | UMLS:C1720862,2,Q32147669 | Q3242224 | ,
10212,OMIM:269700,1,Q32147684 | ,True
13389,OMIM:612526,1,Q32147698 | ,True
10937,OMIM:613327 | ORPHANET:228429,1,Q32147713 | ,True
219,,0,,
6164,OMIM:234700 | ORPHANET:60041 | UMLS:C0149530,1,Q18558252 | ,True
1483,,0,,
1484,,0,,
6167,UMLS:C0002881,1,Q5160435 | ,True
6168,,0,,
1486,UMLS:C0276225,1,Q3134326 | ,True
10328,OMIM:609423,1,Q12199 | ,False
6682,ORPHANET:2185,2,Q55345956 | Q193003 | ,
3947,ORPHANET:657,1,Q5160437 | ,False
6170,OMIM:605253 | ORPHANET:99951,1,Q27677657 | ,True
1487,OMIM:275200 | ORPHANET:442 | UMLS:C0010308,4,Q531012 | Q55762558 | Q5160439 | Q50349692 | ,
1488,,0,,
1489,,0,,
12267,OMIM:243000 | ORPHANET:88642,1,Q3045238 | ,False
3006,OMIM:256800 | ORPHANET:642 | UMLS:C0020074,2,Q50349712 | Q501694 | ,
12426,OMIM:251290 | ORPHANET:1229,1,Q9390596 | ,False
12311,ORPHANET:53690 | OMIM:223000,1,Q3043135 | ,True
12713,ORPHANET:137932,1,Q55785389 | ,True
1465,OMIM:201710 | ORPHANET:90790 | UMLS:C0342474,2,Q4262866 | Q366868 | ,
2104,OMIM:130710 | ORPHANET:1928,1,Q21027078 | ,True
3328,UMLS:C1704423,2,Q1996246 | Q60195052 | ,
1492,,0,,
1493,UMLS:C1332965 | SNOMED CT:307604008,1,Q18556472 | ,True
3635,OMIM:156600 | ORPHANET:566 | UMLS:C1303009,1,Q720101 | ,True
12551,ORPHANET:238722 | OMIM:157600 | OMIM:614508 | OMIM:616059,4,Q25377900 | Q56013514 | Q56003003 | Q6874652 | ,
1495,,0,,
1496,UMLS:C0158618,1,Q55789331 | ,False
1498,,0,,
12588,ORPHANET:352687,1,Q55787759 | ,True
9138,UMLS:C0699743 | ORPHANET:97242,1,Q1321884 | ,True
12584,ORPHANET:370953,2,Q29014918 | Q18553324 | ,
12585,ORPHANET:157973 | OMIM:613205,1,Q32139709 | ,True
3843,OMIM:607855 | ORPHANET:258 | UMLS:C1263858,1,Q32139651 | ,False
12587,ORPHANET:34520 | OMIM:613204,1,Q32139695 | ,False
12589,,0,,
11902,ORPHANET:590,1,Q3508800 | ,True
10108,UMLS:C1837091,0,,
9689,OMIM:254210 | UMLS:C0393929 | ORPHANET:98914,2,Q32140059 | Q56014417 | ,
9134,UMLS:C0410226,0,,
1497,,0,,
1500,OMIM:256300 | ORPHANET:839 | UMLS:C0403399,2,Q61913400 | Q2160802 | ,
6177,UMLS:C0017551,1,Q752216 | ,False
9952,OMIM:610256 | UMLS:C1853230 | ORPHANET:83461,2,Q558623 | Q18554069 | ,
9722,UMLS:C0332881,0,,
4582,OMIM:265120 | UMLS:C2931035 | ORPHANET:264675,2,Q7646050 | Q448698 | ,
9900,OMIM:265300 | ORPHANET:2414 | UMLS:C1849554,1,Q9378134 | ,True
10876,OMIM:179300 | ORPHANET:3269,1,Q16892594 | ,False
4744,ORPHANET:290,1,Q1724539 | ,True
1504,,0,,
7710,OMIM:222900 | ORPHANET:35122 | UMLS:C1283620,1,Q498826 | ,False
6183,UMLS:C1283620,1,Q498826 | ,False
9430,OMIM:274150 | ORPHANET:93583,2,Q1426491 | Q18604563 | ,
4908,OMIM:189600,1,Q3993706 | ,True
12008,OMIM:603569 | ORPHANET:141127,0,,
10515,ORPHANET:95430 | UMLS:C0392109,1,Q910455 | ,False
1507,,0,,
1508,,0,,
45,UMLS:C0343560 | ORPHANET:291,1,Q55787014 | ,True
5488,OMIM:192950 | ORPHANET:178382 | UMLS:C0240912,1,Q7355063 | ,True
13441,"ICD 10-CM:A92.5, Zika virus disease | ORPHANET:448237",1,Q8071861 | ,False
1544,UMLS:C0344616 | ORPHANET:216694,1,Q1784755 | ,True
10744,UMLS:C0346360,1,Q18554892 | ,False
8446,,0,,
8189,OMIM:217095 | ORPHANET:2445 | UMLS:C1857586,3,Q7688951 | Q361648 | Q3055156 | ,
1512,UMLS:C1834559,1,Q21694563 | ,False
1513,ORPHANET:725,1,Q56014262 | ,False
6191,UMLS:C0009946,1,Q1051355 | ,True
1519,OMIM:269720,1,Q15975183 | ,False
856,OMIM:601764 | ORPHANET:306 | UMLS:C1866328,1,Q4887955 | , has more than one gard id
1522,OMIM:121270 | ORPHANET:1551 | UMLS:C1852576,1,Q1495005 | ,False
10240,OMIM:608158 | UMLS:C1842463,1,Q55783550 | ,False
6193,UMLS:C0152238,0,,
6194,UMLS:C0009995 | ORPHANET:1463,1,Q5169382 | ,True
12483,ORPHANET:99098,1,Q55789362 | ,False
12484,ORPHANET:99099,1,Q55789364 | ,True
1523,,0,,
9507,OMIM:121390 | UMLS:C1852558,1,Q55780442 | ,False
1526,,0,,
1529,OMIM:217400 | ORPHANET:1490 | UMLS:C1857572,1,Q9390246 | ,False
9278,OMIM:607541 | ORPHANET:98963,1,Q21154084 | ,False
9277,OMIM:121800 | ORPHANET:98967 | UMLS:C0271287,1,Q4162393 | ,True
1528,,0,,
9276,OMIM:608470 | UMLS:C0339278,1,Q4162390 | ,False
1530,,0,,
9275,OMIM:602082 | ORPHANET:98960 | UMLS:C1562894,1,Q4162389 | ,True
6196,ORPHANET:293603 | OMIM:217700,1,Q4127191 | ,True
10034,OMIM:122450 | ORPHANET:231013 | UMLS:C1852541,1,Q55780446 | ,False
13487,,0,,
10109,OMIM:122470 | ORPHANET:199 | UMLS:C0270972,1,Q1133289 | ,True
1531,OMIM:122440 | ORPHANET:3194 | UMLS:C1852542,1,Q5171588 | ,True
1532,,0,,
1533,,0,,
1534,UMLS:C0158623,1,Q5172184 | ,True
6200,UMLS:C0010051,1,Q5172183 | ,True
1535,OMIM:217990 | ORPHANET:200,1,Q1135124 | ,False
1536,ORPHANET:1492,1,Q55785486 | ,True
1538,,0,,
1541,,0,,
1542,,0,,
1543,,0,,
1546,,0,,
1547,,0,,
1548,OMIM:218010 | ORPHANET:1389,1,Q55781769 | ,True
10290,OMIM:604922 | UMLS:C1858032,1,Q55783393 | ,True
13032,ORPHANET:300570 | OMIM:614039,2,Q30989519 | Q30989316 | ,
46,ORPHANET:454887 | UMLS:C0393570,2,Q1755684 | Q55346059 | ,
13101,ORPHANET:199247 | OMIM:611489,1,Q30989071 | ,True
10946,ORPHANET:54251,1,Q55788396 | ,False
9882,OMIM:604931 | UMLS:C1291245,1,Q17084678 | ,False
1550,OMIM:218040 | ORPHANET:3071 | UMLS:C0587248,1,Q1136492 | ,True
1551,OMIM:122580 | ORPHANET:2391 | UMLS:C1852523,1,Q55780450 | ,True
1554,UMLS:C2931195 | ORPHANET:1502,0,,
10799,,0,,
1555,OMIM:260660 | ORPHANET:93333 | UMLS:C1850040,1,Q55782194 | ,False
6202,OMIM:158350 | ORPHANET:201,4,Q7251694 | Q1461101 | Q3508737 | Q1138188 | ,
8750,OMIM:122750 | UMLS:C0152431,1,Q1138267 | ,False
1558,UMLS:C1852513,1,Q55780452 | ,True
6205,UMLS:C0751381,0,,
1561,ORPHANET:202 | UMLS:C0432348,1,Q5181978 | ,True
8428,OMIM:218090 | ORPHANET:1512 | UMLS:C1857532,1,Q19277644 | ,True
1564,,0,,
1567,OMIM:218300 | ORPHANET:1513 | UMLS:C0410539,2,Q5182138 | Q18553749 | ,
359,OMIM:218330 | ORPHANET:1515 | UMLS:C0432235,1,Q7451019 | ,False
1570,,0,,
1571,OMIM:122880 | ORPHANET:1529 | UMLS:C1852510,1,Q55780454 | ,True
1573,,0,,
2016,OMIM:122900 | ORPHANET:1798 | UMLS:C0432263,1,Q55780455 | ,False
1575,OMIM:218350 | ORPHANET:1516 | UMLS:C1857511,1,Q55781775 | ,True
12994,,0,,
1578,OMIM:304110 | ORPHANET:1520 | UMLS:C0220767,1,Q5182141 | ,True
1579,,0,,
1581,OMIM:123000 | ORPHANET:1522,1,Q18553749 | ,False
1582,OMIM:218400 | ORPHANET:1522,1,Q18553749 | ,False
1583,UMLS:C1865184,1,Q55783284 | ,True
10486,ORPHANET:54595,1,Q1786513 | ,True
10504,UMLS:C0152426 | ORPHANET:63260,1,Q55788430 | ,False
1584,,0,,
6209,ORPHANET:1531 | UMLS:C0010278 | OMIM:123100,1,Q378183 | ,True
1586,,0,,
1587,,0,,
1588,,0,,
1590,,0,,
1591,,0,,
1593,,0,,
1595,,0,,
1598,,0,,
1599,UMLS:C1857472,1,Q55781780 | ,True
1600,,0,,
1601,UMLS:C1832590,0,,
9506,OMIM:603116 | ORPHANET:85199 | UMLS:C1864186,1,Q5182151 | ,False
1605,OMIM:218670 | ORPHANET:1528 | UMLS:C1857471,1,Q51122293 | ,True
1607,,0,,
1609,UMLS:C1562462 | ORPHANET:504,1,Q56042345 | ,True
12430,ORPHANET:90290 | OMIM:181750,3,Q55950310 | Q5340515 | Q763356 | ,
1610,,0,,
6956,OMIM:123400 | ORPHANET:204,3,Q55345655 | Q49989 | Q55345939 | ,
6213,OMIM:123450 | ORPHANET:281,1,Q752298 | ,True
47,OMIM:218800 | ORPHANET:79234,1,Q1140000 | ,False
8683,OMIM:606785 | ORPHANET:79235 | UMLS:C2931132,1,Q55999724 | ,True
203,UMLS:C0341116,0,,
1614,OMIM:218900 | ORPHANET:1380 | UMLS:C0795914,1,Q5187584 | ,True
4427,OMIM:175500 | ORPHANET:2930,1,Q1422034 | ,True
1616,,0,,
1617,UMLS:C1867999,0,,
6206,OMIM:123500 | ORPHANET:207,1,Q779250 | ,True
10078,OMIM:605945 | UMLS:C1853826,1,Q55783435 | ,True
12151,,0,,
9908,UMLS:C0272263,1,Q5190514 | ,True
6217,UMLS:C0010403,1,Q1790371 | ,True
10927,,0,,
6218,UMLS:C0010414,1,Q1470140 | ,True
1620,ORPHANET:1302 | UMLS:C0242770,1,Q2012642 | ,True
8174,OMIM:123560 | ORPHANET:1547 | UMLS:C1852454,1,Q55780463 | ,False
10505,UMLS:C0311249,1,Q590324 | ,True
6219,UMLS:C0010418,1,Q1359898 | ,True
13349,OMIM:615849 | ORPHANET:420584,1,Q55784796 | ,True
10163,OMIM:607656 | UMLS:C1843291,1,Q55783524 | ,True
1626,OMIM:176450 | ORPHANET:1552 | UMLS:C1531773,2,Q56013724 | Q5194974 | ,
5584,OMIM:601707 | ORPHANET:1553 | UMLS:C0795915,1,Q55783221 | ,True
1631,,0,,
6224,OMIM:219080 | ORPHANET:553,2,Q219102 | Q55781784 | ,
8158,UMLS:C0003177,1,Q18557581 | ,True
12428,ORPHANET:280779,1,Q55786929 | ,False
1629,,0,,
6225,UMLS:C0024137,1,Q18553226 | ,True
12687,ORPHANET:79455,1,Q7558253 | ,False
7842,ORPHANET:66646,1,Q18975562 | ,True
1633,OMIM:219095 | ORPHANET:2881 | UMLS:C1857449,1,Q55781786 | ,False
7415,UMLS:C0343190,1,Q55788201 | ,True
9752,,0,,
6226,UMLS:C0079773 | ORPHANET:171901,1,Q5196687 | ,True
12392,,0,,
1635,,0,,
6227,ORPHANET:209,1,Q2735907 | ,True
1637,,0,,
1639,OMIM:123700 | ORPHANET:90348,3,Q50349708 | Q50349696 | Q2735907 | ,
8480,OMIM:219100 | ORPHANET:90349 | UMLS:C2931134,2,Q50349701 | Q2735907 | ,
1638,OMIM:219200 | UMLS:C0268355,4,Q29982086 | Q50349700 | Q1200233 | Q2735907 | ,
1641,OMIM:612940,2,Q50349703 | Q2735907 | ,
6228,OMIM:219250 | ORPHANET:1556 | UMLS:C0345419,1,Q1997180 | ,True
1643,ORPHANET:671 | UMLS:C0263417,1,Q5196861 | ,True
1644,UMLS:C1857444,0,,
1646,,0,,
6229,OMIM:162800 | ORPHANET:2686 | UMLS:C0221023,1,Q5198214 | ,False
9862,OMIM:188020 | UMLS:C0272282,1,Q55781549 | ,True
9528,UMLS:C0343398,1,Q3008595 | ,True
11906,OMIM:160990 | ORPHANET:171886,1,Q21505531 | ,True
12346,,0,,
9487,OMIM:123853 | ORPHANET:2674 | UMLS:C1852396,1,Q55780466 | ,True
6232,UMLS:C0010668,1,Q246040 | ,False
11976,,0,,
6233,OMIM:219700 | ORPHANET:586,1,Q178194 | ,True
6234,OMIM:257350 | UMLS:C0206620,1,Q459896 | ,True
1654,OMIM:607086 | ORPHANET:229 | UMLS:C0392775,4,Q3616648 | Q5432930 | Q246048 | Q594660 | ,
8194,,0,,
6236,ORPHANET:213 | UMLS:C0010690 | OMIM:219800 | OMIM:219750 | OMIM:219900,4,Q55998573 | Q55998574 | Q1149042 | Q55998570 | ,
9756,OMIM:219750,2,Q1149042 | Q55998570 | ,
6237,OMIM:220100 | ORPHANET:214 | UMLS:C0010691,1,Q1149046 | ,True
3033,UMLS:C0311386,1,Q428447 | ,False
48,OMIM:220110 | UMLS:C0268237,1,Q18556069 | ,False
9529,,0,,
9530,,0,,
1657,,0,,
9531,UMLS:C0206178,1,Q4271835 | ,True
1658,,0,,
10220,OMIM:609162 | ORPHANET:137678 | UMLS:C1836683,1,Q55783645 | ,True
233,,0,,
5661,UMLS:C1833429 | ORPHANET:79315,1,Q18553318 | ,True
4539,OMIM:261515 | ORPHANET:300,1,Q5203306 | ,True
234,OMIM:220120 | ORPHANET:941 | UMLS:C1291386,1,Q5203266 | ,False
6240,,0,,
6241,,0,,
236,UMLS:C2931014,1,Q5208264 | ,True
237,OMIM:247410 | ORPHANET:1563 | UMLS:C1855477,1,Q17125068 | ,True
1666,OMIM:236660 | ORPHANET:2181 | UMLS:C1856051,1,Q55781947 | ,False
6242,OMIM:220200 | ORPHANET:217,1,Q733493 | ,True
4665,OMIM:267010 | UMLS:C2673885 | ORPHANET:3032,2,Q3508640 | Q50349687 | ,
5666,OMIM:220210 | ORPHANET:7 | UMLS:C0796137,3,Q26492786 | Q26492787 | Q2155008 | ,
8520,OMIM:304340 | ORPHANET:1568 | UMLS:C0796254,2,Q18411789 | Q28065605 | ,
137,UMLS:C2931823,0,,
1669,OMIM:220220 | ORPHANET:1566 | UMLS:C1857351,1,Q55781799 | ,False
1592,ORPHANET:1538 | OMIM:123155 | UMLS:C1852488,2,Q55345654 | Q193003 | ,
1671,OMIM:138790 | ORPHANET:2091 | UMLS:C1841853,1,Q55780823 | ,False
9730,OMIM:300257 | ORPHANET:34587 | UMLS:C0878677,1,Q5220984 | ,True
6243,OMIM:124200 | ORPHANET:218 | UMLS:C0022595,1,Q580506 | ,False
10568,OMIM:611733 | UMLS:C2673203,1,Q55783835 | ,True
1672,ORPHANET:3215 | UMLS:C2931076,0,,
12964,OMIM:610198 | ORPHANET:66634,1,Q27677576 | ,False
12398,OMIM:614507 | ORPHANET:300536,0,,
12715,OMIM:300958 ,0,,
49,OMIM:219150 | ORPHANET:2962 | UMLS:C0268354,3,Q50349709 | Q50349698 | Q2735907 | ,
8276,OMIM:278800 | ORPHANET:1569 | UMLS:C0265201,1,Q3843801 | ,True
13474,OMIM:617171 | OMIM:602635 | ORPHANET:468620,1,Q55785142 | ,False
12844,ORPHANET:363396 | OMIM:221200,1,Q17539935 | ,False
305,OMIM:221320 | ORPHANET:3236 | UMLS:C1857340,1,Q55781805 | ,False
1684,UMLS:C1852292,0,,
1686,UMLS:C1852278,0,,
1687,OMIM:234580 | ORPHANET:3220 | UMLS:C1856186,2,Q55346131 | Q55345705 | ,
1689,,0,,
1690,OMIM:311850 | UMLS:C2931079,0,,
1691,OMIM:304350 | ORPHANET:90646 | UMLS:C1844680,1,Q55782545 | ,True
1692,,0,,
1693,,0,,
1694,,0,,
1695,OMIM:107100 | UMLS:C2931080,1,Q55780334 | ,False
1698,OMIM:221740 | ORPHANET:3230 | UMLS:C1857333,1,Q55781809 | ,True
1701,,0,,
1702,,0,,
10707,OMIM:610706,1,Q55783760 | ,False
1707,,0,,
9726,OMIM:603622,1,Q28024676 | ,False
9167,OMIM:606346 | UMLS:C2931767,1,Q28024680 | ,False
1708,OMIM:605192 | UMLS:C2931768,1,Q28024681 | ,False
9166,OMIM:606282 | UMLS:C2931769,1,Q28024682 | ,True
9933,OMIM:601544 | UMLS:C2931770,1,Q28024692 | ,False
9934,OMIM:609965,1,Q28024708 | ,True
9918,OMIM:609941 | UMLS:C1864968,1,Q28024635 | ,False
9919,OMIM:609952 | UMLS:C1864962,1,Q28024637 | ,True
12472,OMIM:300475 | ORPHANET:369942,2,Q55999520 | Q55346032 | ,
1688,OMIM:601351 | ORPHANET:3218,1,Q55783092 | ,False
1709,,0,,
1710,,0,,
9935,OMIM:609946,1,Q28024631 | ,False
4504,OMIM:304400 | ORPHANET:383 | UMLS:C1844678,2,Q928697 | Q1555358 | ,
1715,,0,,
11911,OMIM:611102 | ORPHANET:94064,1,Q55783802 | ,True
13030,OMIM:614038 | ORPHANET:3226 | ICD 10:D46.7,2,Q55610804 | Q7307574 | ,
1720,,0,,
10516,OMIM:612852 | ORPHANET:210115 | UMLS:C2748507,1,Q5251548 | ,False
12315,OMIM:615273,1,Q28024539 | ,False
1722,ORPHANET:315 | UMLS:C0221011,1,Q22965430 | ,True
6249,OMIM:602248 | ORPHANET:679 | UMLS:C0221011,1,Q911136 | ,True
5623,OMIM:194380 | ORPHANET:3202 | UMLS:C0272051,2,Q55781621 | Q56014059 | ,
10676,OMIM:603528 | UMLS:C1863769,1,Q55781621 | ,True
1727,OMIM:155980 | UMLS:C1835030 | ORPHANET:3034,1,Q55781221 | ,True
1798,,0,,
1799,,0,,
8344,OMIM:176500 | UMLS:C1867773 | ORPHANET:97345,2,Q5432926 | Q50349602 | ,
9169,OMIM:117300 | UMLS:C1861735,1,Q50349603 | ,False
1802,,0,,
8317,UMLS:C1260325,1,Q5464657 | ,False
10934,OMIM:614172 | ORPHANET:228423,1,Q6901244 | ,False
6254,OMIM:614371 | ORPHANET:99828,2,Q56002926 | Q30953 | ,
290,OMIM:234100 | UMLS:C2931775,1,Q1459851 | ,False
10069,OMIM:125300 | UMLS:C1852250,1,Q55780482 | ,False
8555,OMIM:609814 | ORPHANET:93571,1,Q2299379 | ,False
13105,ORPHANET:1652,1,Q4420121 | ,True
5643,ORPHANET:101 | OMIM:125370,1,Q2280285 | ,True
1808,OMIM:125440 | ORPHANET:99792 | UMLS:C1852201,1,Q55780485 | ,False
1806,ORPHANET:99791 | OMIM:125420,1,Q5259533 | ,False
1807,OMIM:125400 | UMLS:C0399379 | ORPHANET:99789,1,Q5259533 | ,False
6258,UMLS:C0205730 | ORPHANET:49042,1,Q548984 | ,True
12796,ORPHANET:166260,0,,
10144,OMIM:125500 | UMLS:C0399378 | ORPHANET:166265,1,Q548984 | ,False
5576,OMIM:194080 | ORPHANET:220 | UMLS:C0950121,1,Q774016 | ,True
13299,,0,,
6260,UMLS:C0683416,1,Q2338307 | ,True
1810,OMIM:266255 | UMLS:C2931776,1,Q55782257 | ,True
10345,UMLS:C1305968,2,Q1200228 | Q245711 | ,
1917,OMIM:601230 | ORPHANET:1656 | UMLS:C0011608,1,Q1151507 | ,True
1812,,0,,
9569,OMIM:607907 | ORPHANET:31112 | UMLS:C0392784,1,Q1200239 | ,True
1813,OMIM:221790 | UMLS:C1857314,1,Q55781812 | ,True
6263,ORPHANET:221,1,Q681160 | ,True
1814,OMIM:221810 | ORPHANET:1657 | UMLS:C1857301,1,Q55781814 | ,True
8550,OMIM:125595 | ORPHANET:86920 | UMLS:C0406778,1,Q5262702 | ,True
2089,OMIM:225410 | ORPHANET:1901,1,Q55781854 | ,False
1815,OMIM:221800 | ORPHANET:79149 | UMLS:C0432288,1,Q51727258 | ,True
2580,OMIM:304730 | UMLS:C1844671,1,Q55782546 | ,True
1816,OMIM:125640 | ORPHANET:1660 | UMLS:C1852144,1,Q5262785 | ,True
1818,OMIM:251450 | ORPHANET:1425 | UMLS:C0432242 | OMIM:615777,1,Q17122800 | ,True
1820,OMIM:135290 | ORPHANET:873 | UMLS:C1851124,1,Q55950219 | ,False
9617,UMLS:C0457179,0,,
8648,UMLS:C1321878,0,,
6265,ORPHANET:83469 | UMLS:C0281508,1,Q5264831 | ,True
10283,OMIM:602398 | ORPHANET:35107 | UMLS:C1865596,1,Q5264836 | ,True
1823,UMLS:C1838630 | ORPHANET:1799,1,Q55782808 | ,True
10035,OMIM:610382,1,Q55783743 | ,False
10052,OMIM:610136 | UMLS:C1857830,1,Q55783728 | ,True
1827,UMLS:C0011813,1,Q579665 | ,True
6268,UMLS:C1395317,0,,
136,OMIM:221950 | UMLS:C1857298,1,Q55781815 | ,True
1697,OMIM:220290,2,Q18553310 | Q28024600 | ,
12415,,0,,
9750,UMLS:C0023440,0,,
259,OMIM:221995 | ORPHANET:3145,1,Q55781817 | ,True
1840,,0,,
8322,,0,,
6274,ORPHANET:124 | ICD 10:D61.0,2,Q9390252 | Q1208654 | ,
8283,OMIM:606129 | UMLS:C1853666,1,Q1208654 | ,False
10241,OMIM:610629 | UMLS:C1857719,1,Q1208654 | ,False
9797,OMIM:605233 | UMLS:C2931071,1,Q55783403 | ,False
1843,,0,,
13617,ICD 10:J98.6,0,,
1846,,0,,
1847,,0,,
10072,OMIM:112250 | ORPHANET:85182 | UMLS:C1862177,1,Q55780373 | ,False
6275,OMIM:222600 | ORPHANET:628,1,Q3335666 | ,True
1854,,0,,
1853,,0,,
1855,OMIM:222730 | ORPHANET:2195 | UMLS:C1857253,1,Q16252204 | ,True
10734,OMIM:601200,1,Q7204815 | ,False
1857,,0,,
1858,,0,,
6276,UMLS:C0342436 | ORPHANET:1672,1,Q25324193 | ,True
204,UMLS:C2931124,0,,
1859,ORPHANET:1916,1,Q2003840 | ,True
10930,,0,,
5907,UMLS:C0280785 | ORPHANET:251595,1,Q55786375 | ,False
10750,,0,,
12686,ORPHANET:79456,1,Q5275410 | ,True
9751,UMLS:C1258104 | ORPHANET:220393,1,Q18554846 | ,False
10888,,0,,
10334,OMIM:137215 | UMLS:C0206696,2,Q825923 | Q189588 | ,
10780,,0,,
13075,,0,,
3178,UMLS:C0079744 | ORPHANET:544,1,Q2626074 | ,True
3547,OMIM:256370 | UMLS:C0268747,2,Q55782142 | Q61913392 | ,
1861,UMLS:C0474965,0,,
1862,OMIM:600231 | UMLS:C1838359,1,Q55999597 | ,False
8526,OMIM:604809 | ORPHANET:171700 | UMLS:C0878555,1,Q3085380 | ,True
10409,,0,,
3263,UMLS:C0268193 | ORPHANET:2394 | OMIM:246900,1,Q402575 | ,False
4319,OMIM:261630 | ORPHANET:226,2,Q5958471 | Q54889362 | ,
12347,OMIM:222748 | ORPHANET:38874,1,Q55998576 | ,True
10666,UMLS:C0268120,1,Q4682223 | , has more than one gard id
221,ORPHANET:217604,1,Q283656 | ,True
3373,OMIM:212112 | ORPHANET:2229 | UMLS:C0796031,1,Q6744557 | ,False
12832,OMIM:613426,1,Q28024579 | ,True
1870,,0,,
1872,ORPHANET:227,1,Q1227139 | ,True
1873,,0,,
1874,,0,,
1875,UMLS:C0012546,1,Q134649 | ,True
10715,,0,,
1876,,0,,
10703,UMLS:C0268813,0,,
11908,ORPHANET:166291,1,Q443929 | ,True
12476,ORPHANET:309810,1,Q55787328 | ,True
12622,,0,,
12477,,0,,
1883,UMLS:C0263506,0,,
9236,,0,,
12843,ORPHANET:71274,1,Q18556975 | ,True
10983,ORPHANET:79152,1,Q5282749 | ,True
13028,,0,,
786,ORPHANET:97120,1,Q18553375 | ,True
787,OMIM:614335 | OMIM:108120 | ORPHANET:1146 | UMLS:C0220662,2,Q18553375 | Q56013702 | ,
4047,OMIM:108145 | ORPHANET:1154 | UMLS:C1862472,1,Q18553375 | ,False
13059,ORPHANET:329457 | OMIM:615065,1,Q18553375 | ,False
10087,OMIM:208080 | UMLS:C1859724,1,Q55781667 | ,False
10865,OMIM:601808,2,Q474237 | Q7252851 | ,
12683,ORPHANET:53739,1,Q55788392 | ,True
1887,OMIM:606070 | ORPHANET:600,4,Q18553729 | Q206901 | Q55346070 | Q1229345 | ,
1889,,0,,
12354,OMIM:611590,1,Q55999883 | ,False
1890,,0,,
1891,UMLS:C0040820,0,,
1894,OMIM:223340 | ORPHANET:3439 | UMLS:C1857226,1,Q55781826 | ,False
1895,,0,,
12653,,0,,
12393,OMIM:610768 | ORPHANET:91131,1,Q5289050 | ,False
1896,OMIM:119540,1,Q27677677 | ,True
2139,OMIM:131750 | ORPHANET:231568,3,Q3589131 | Q5290299 | Q29982049 | ,
11972,ORPHANET:98672,1,Q29982071 | ,False
1899,OMIM:222448 | ORPHANET:2143 | UMLS:C1857277,1,Q3508634 | ,True
1685,OMIM:220500 | UMLS:C1857345 | ORPHANET:79500,1,Q1154764 | ,True
9817,UMLS:C1851920 | ORPHANET:255,1,Q689777 | ,True
1903,OMIM:223360 | ORPHANET:230 | UMLS:C0342687,1,Q1242612 | ,True
10484,OMIM:613135 | ORPHANET:238455 | UMLS:C2751067,1,Q53951449 | ,True
9159,OMIM:300018,1,Q957751 | ,False
1905,UMLS:C0332941,0,,
1906,,0,,
9672,OMIM:126500 | UMLS:C1852023,1,Q4672539 | ,True
1907,UMLS:C0265809,1,Q55787735 | ,False
12321,,0,,
1908,UMLS:C0013069,1,Q361648 | ,True
1910,,0,,
9775,OMIM:179850 | UMLS:C0406811 | ORPHANET:79145,2,Q7316721 | Q7316720 | ,
6285,,0,,
1912,OMIM:126600,2,Q1140528 | Q28065548 | ,
9837,ORPHANET:86309 | OMIM:608093,0,,
9831,ORPHANET:79322 | OMIM:608799,0,,
12416,ORPHANET:329178 | OMIM:615042,0,,
12395,OMIM:612937 | ORPHANET:263494,0,,
1913,UMLS:C2930947,0,,
6286,,0,,
10430,OMIM:607208 | ORPHANET:33069 | UMLS:C0751122,1,Q1255956 | ,True
13629,ORPHANET:139402,1,Q3931183 | ,False
6288,ORPHANET:233,1,Q1262684 | ,False
10763,OMIM:126800 | ORPHANET:233,2,Q1262684 | Q56013641 | ,
9966,ORPHANET:233 | OMIM:604356 | UMLS:C0751083,1,Q1262684 | ,False
10691,ORPHANET:233 | OMIM:126800,2,Q1262684 | Q56013641 | ,
9182,OMIM:607323 | ORPHANET:93293 | UMLS:C1623209,1,Q2017218 | ,True
12908,,0,,
6289,OMIM:237500 | ORPHANET:234,1,Q1263039 | ,True
6290,OMIM:223370 | ORPHANET:235 | UMLS:C0175691,1,Q574741 | ,True
6291,OMIM:310200 | UMLS:C0013264 | ORPHANET:98896,1,Q1648484 | ,True
1918,UMLS:C2930993,0,,
54,OMIM:223400 | ORPHANET:1203,2,Q4597494 | Q1266401 | ,
1919,,0,,
10543,OMIM:162240 | UMLS:C1834232,1,Q55781276 | ,False
9743,OMIM:126840 | UMLS:C1852009,1,Q55780512 | ,True
9227,OMIM:606894 | UMLS:C1847196,1,Q55783482 | ,True
1976,,0,,
1977,,0,,
1975,ORPHANET:237 | UMLS:C0266348,1,Q51955112 | ,True
1983,,0,,
8280,OMIM:603656,0,,
1984,,0,,
1985,,0,,
10610,OMIM:600771 | UMLS:C1833341,1,Q55782870 | ,True
1986,,0,,
6294,OMIM:127100 | UMLS:C1851994,1,Q55780514 | ,True
1992,,0,,
3293,OMIM:223500 | UMLS:C1857197,1,Q55781832 | ,True
10606,OMIM:223550 | UMLS:C1857196,1,Q55781836 | ,True
6295,ORPHANET:239 | OMIM:223800 | OMIM:304950,1,Q1268671 | ,True
1993,OMIM:242520 | ORPHANET:2274 | UMLS:C1275088,1,Q55345709 | ,False
13527,ORPHANET:464306 | OMIM:614104,1,Q50349611 | ,False
9475,OMIM:224000 | UMLS:C1857153,1,Q55781838 | ,True
1994,OMIM:127350 | ORPHANET:1765 | UMLS:C1851986,1,Q55780516 | ,True
334,OMIM:127400 | ORPHANET:41 | UMLS:C0406775,1,Q5319366 | ,False
1996,OMIM:127500 | UMLS:C2930995 | ORPHANET:241,2,Q56014624 | Q5319369 | ,
10640,UMLS:C1266177,1,Q18555156 | ,True
1998,OMIM:224050 | ORPHANET:1766 | UMLS:C0394006,2,Q55346130 | Q4052543 | ,
2003,OMIM:603009 | UMLS:C2931687,1,Q14885337 | ,False
2004,OMIM:616004 | ORPHANET:98881,1,Q5319404 | ,True
9126,OMIM:202650 | UMLS:C1876185,1,Q3357668 | ,False
10905,ORPHANET:1775,1,Q3709312 | ,True
6299,OMIM:127550 | UMLS:C1851970,2,Q50349587 | Q3709312 | ,
6300,OMIM:224230 | UMLS:C1857144,1,Q50349588 | ,True
2007,OMIM:305000 | UMLS:C1148551,2,Q9390252 | Q50349598 | ,
2009,,0,,
2012,OMIM:224300 | ORPHANET:1782 | UMLS:C0432262,1,Q29014957 | ,True
2013,UMLS:C0265205,1,Q1475743 | ,False
2015,UMLS:C0220659 | ORPHANET:1795,2,Q18928518 | Q4357287 | ,
2019,OMIM:127800 | ORPHANET:1822 | UMLS:C0432282,1,Q7839508 | ,True
2022,,0,,
2025,ORPHANET:1804 | UMLS:C1832111,1,Q55783207 | ,True
9810,OMIM:224400 | ORPHANET:156731 | UMLS:C0432209,1,Q55781841 | ,True
2026,OMIM:224410 | ORPHANET:1865,1,Q30989968 | ,True
9256,OMIM:159700,1,Q55781258 | ,False
10059,OMIM:128000 | UMLS:C1851955,1,Q55780520 | ,True
2028,OMIM:224500 | ORPHANET:99657 | UMLS:C1857093,1,Q32038789 | ,False
2150,ORPHANET:303,1,Q56014008 | ,False
2031,,0,,
10667,OMIM:615073,1,Q30989665 | ,False
13671,OMIM:617284,1,Q55785174 | ,False
10539,OMIM:612067 | ORPHANET:210571 | UMLS:C2677567,1,Q32038811 | ,True
9630,OMIM:602629 | ORPHANET:98806 | UMLS:C1414216,1,Q32038792 | ,False
2027,OMIM:128100 | ORPHANET:256,3,Q28065536 | Q656199 | Q30988815 | ,
10138,OMIM:128101 | ORPHANET:98805 | UMLS:C1851943,1,Q32038800 | ,False
12144,ORPHANET:98808 | OMIM:128230,2,Q689777 | Q32038802 | ,
2032,,0,,
9401,UMLS:C1868714,0,,
6309,ORPHANET:40923 | UMLS:C0271073,1,Q3772316 | ,True
9255,ORPHANET:1934 | UMLS:C0393706,1,Q649602 | ,True
13318,OMIM:613722,2,Q3589156 | Q61913475 | ,
13676,OMIM:615476,1,Q61913425 | ,False
12901,OMIM:615905 | ORPHANET:442835,3,Q56014174 | Q55784807 | Q61913468 | ,
12391,OMIM:616056,2,Q61913477 | Q55784839 | ,
12900,OMIM:612164,1,Q61913449 | ,False
13681,OMIM:618004,1,Q55790909 | ,False
1140,ORPHANET:98988 | OMIM:601202,2,Q56014421 | Q27674897 | ,
12199,OMIM:614399,1,Q56002943 | ,False
3203,OMIM:311510 | ORPHANET:2379,1,Q55782601 | ,False
1898,OMIM:116800 | ORPHANET:98995 | UMLS:C0266537,1,Q27674895 | ,False
12798,ORPHANET:1020,1,Q55345929 | ,False
10821,ORPHANET:83594,1,Q18553951 | ,True
2035,UMLS:C0282687,2,Q51993 | Q162272 | ,
6313,OMIM:224700 | ORPHANET:1880 | UMLS:C0013481,1,Q277452 | ,True
6314,UMLS:C0026707,1,Q580285 | ,False
10465,UMLS:C0346020,0,,
7431,,0,,
6316,UMLS:C0013537,1,Q552348 | ,True
6317,UMLS:C0013575,0,,
2040,OMIM:129540 | UMLS:C2931691,1,Q55780532 | ,False
2042,,0,,
2043,,0,,
2044,,0,,
2045,,0,,
2051,,0,,
2050,,0,,
2053,UMLS:C1857068,1,Q55781844 | ,False
9705,OMIM:604536 | UMLS:C1858302 | ORPHANET:158668,1,Q7535394 | ,False
2055,OMIM:129510 | ORPHANET:1818 | UMLS:C1851858,1,Q55780530 | ,True
10526,OMIM:601345 | ORPHANET:69083 | UMLS:C1832444,1,Q55783066 | ,True
2682,OMIM:601375 | ORPHANET:1808 | UMLS:C1832411,1,Q55783101 | ,True
9939,OMIM:609944 | UMLS:C1864966,1,Q55783706 | ,True
2060,OMIM:225100 | UMLS:C2673634,2,Q50349815 | Q1827028 | ,
8490,OMIM:129750 | UMLS:C1271219,1,Q55780535 | ,False
6318,UMLS:C0032987,1,Q207087 | ,True
2063,UMLS:C2931127,0,,
2068,OMIM:225290 | UMLS:C1857040,1,Q55781848 | ,True
2071,OMIM:119580 | UMLS:C1861536 | ORPHANET:1997,3,Q60195342 | Q60195341 | Q17540023 | ,
2074,UMLS:C0795933,0,,
2076,UMLS:C0406704 | OMIM:129900 | OMIM:604292 | ORPHANET:1896,3,Q5334319 | Q28065588 | Q28065589 | ,
2078,OMIM:225280 | ORPHANET:1897 | UMLS:C1857041,1,Q5322931 | ,True
8291,OMIM:178800 | UMLS:C1867405,1,Q55781433 | ,True
8508,OMIM:225310 | ORPHANET:75501 | UMLS:C1857038,1,Q55781850 | ,False
6322,,0,,
2092,,0,,
6323,ORPHANET:97214 | UMLS:C0013743,1,Q572695 | ,True
12716,ORPHANET:228240,1,Q55786224 | ,True
10103,OMIM:130100 | ORPHANET:79148,1,Q5353584 | ,True
6324,,0,,
13013,,0,,
189,UMLS:C2931128,0,,
2098,OMIM:601355 | ORPHANET:2516 | UMLS:C2931129,1,Q55783095 | ,False
1301,OMIM:225500 | ORPHANET:289,1,Q1332448 | ,True
9835,OMIM:609029 | ORPHANET:96170 | UMLS:C1836929,1,Q5369177 | ,True
5140,ORPHANET:180226 | UMLS:C0206659,1,Q1451877 | ,True
8650,UMLS:C0855073,1,Q55779831 | ,False
6352,,0,,
2099,,0,,
6329,OMIM:310300 | ORPHANET:261,3,Q1335642 | Q43261065 | Q60195097 | ,
2101,,0,,
2102,OMIM:310300 | ORPHANET:98863,2,Q43261065 | Q60195097 | ,
6331,OMIM:130720 | UMLS:C0014008,2,Q1339466 | Q18589160 | ,
2106,,0,,
6332,ORPHANET:83600 | UMLS:C0014040,1,Q1369020 | ,False
6333,ORPHANET:199647,1,Q1346023 | ,False
2109,,0,,
2108,UMLS:C0406612 | OMIM:613001 | ORPHANET:2396,1,Q17540092 | ,True
12505,ORPHANET:139406 | OMIM:611721,1,Q55783834 | ,True
2113,OMIM:225755 | UMLS:C1856973,1,Q55781860 | ,True
2117,UMLS:C1851708,0,,
6335,UMLS:C1704356,1,Q1076078 | ,False
294,,0,,
10431,,0,,
6336,UMLS:C0014117,1,Q5376225 | , has more than one gard id
9270,,0,,
6339,UMLS:C0206630,1,Q5376363 | ,True
2121,UMLS:C0014117,1,Q5376225 | , has more than one gard id
6340,,0,,
2124,ORPHANET:2937,0,,
11909,,0,,
8651,UMLS:C1863752,0,,
6343,,0,,
9809,UMLS:C0456889,1,Q5380239 | ,True
12522,MeSH:D007412,1,Q54931334 | ,False
2130,,0,,
10969,ORPHANET:85438,1,Q55788665 | ,True
2131,ORPHANET:1939,0,,
12361,OMIM:261500,0,,
6345,UMLS:C0085179,1,Q3508806 | ,True
6346,,0,,
6347,UMLS:C0742965,0,,
9142,,0,,
6351,OMIM:226350 | ORPHANET:3165,1,Q2325206 | ,False
6111,ORPHANET:183,1,Q32811 | ,False
12130,,0,,
8534,UMLS:C0406305,0,,
6353,ORPHANET:251636,1,Q1346753 | ,True
2136,,0,,
6357,ORPHANET:302 | UMLS:C0014522 | OMIM:226400,1,Q974691 | ,True
13044,,0,,
2137,OMIM:226670 | ORPHANET:257,1,Q5382849 | ,True
6359,UMLS:C0014527,1,Q923020 | ,True
6360,ORPHANET:46487 | UMLS:C0079293,1,Q3726860 | ,True
10752,OMIM:131800 | OMIM:131900 | OMIM:131760 | OMIM:131960 | OMIM:601001 | ORPHANET:304,5,Q5382848 | Q5382846 | Q5532470 | Q6664623 | Q3124960 | ,
9737,OMIM:131960 | ORPHANET:79397 | UMLS:C0432316,1,Q5382848 | ,True
2141,OMIM:131760 | ORPHANET:79396 | UMLS:C0079295,1,Q5382846 | ,True
2147,OMIM:131900 | UMLS:C0079299,1,Q5532470 | ,True
2146,OMIM:131800 | ORPHANET:79400,1,Q6664623 | ,True
